trade_time,open,high,low,close,vol,amount
2024-01-11 09:31:00,30.0,31.7,30.0,30.13,2696900.0,81970624.0
2024-01-11 09:32:00,30.15,30.15,29.5,29.59,1334000.0,40033632.0
2024-01-11 09:33:00,29.61,31.04,29.42,31.04,1323300.0,39887200.0
2024-01-11 09:34:00,31.19,32.9,31.19,31.99,731800.0,23437252.0
2024-01-11 09:35:00,31.8,31.8,30.66,31.02,583200.0,18093482.0
2024-01-11 09:36:00,31.08,31.49,30.88,30.88,484500.0,15124537.0
2024-01-11 09:37:00,30.89,30.9,30.51,30.6,308100.0,9446615.0
2024-01-11 09:38:00,30.68,31.25,30.68,31.25,482100.0,14908698.0
2024-01-11 09:39:00,31.15,31.15,30.51,30.51,247200.0,7663145.0
2024-01-11 09:40:00,30.51,30.51,30.2,30.3,288100.0,8737777.0
2024-01-11 09:41:00,30.38,30.8,30.35,30.8,298400.0,9145681.0
2024-01-11 09:42:00,30.66,30.66,30.42,30.55,175600.0,5361645.5
2024-01-11 09:43:00,30.6,30.6,30.45,30.49,161400.0,4927726.5
2024-01-11 09:44:00,30.47,30.47,30.24,30.24,92000.0,2796377.0
2024-01-11 09:45:00,30.22,30.22,29.98,29.99,191100.0,5750619.0
2024-01-11 09:46:00,29.98,29.98,29.71,29.88,315300.0,9391451.0
2024-01-11 09:47:00,29.88,30.25,29.88,30.24,303600.0,9139315.0
2024-01-11 09:48:00,30.25,30.27,30.02,30.12,165100.0,4984570.5
2024-01-11 09:49:00,30.08,30.08,29.99,29.99,111700.0,3353240.0
2024-01-11 09:50:00,30.0,30.0,29.92,30.0,145800.0,4371301.0
2024-01-11 09:51:00,30.0,30.05,30.0,30.01,218700.0,6562374.0
2024-01-11 09:52:00,30.0,30.0,29.96,30.0,93700.0,2809445.0
2024-01-11 09:53:00,29.99,30.02,29.99,30.0,182700.0,5482179.5
2024-01-11 09:54:00,30.02,30.06,30.0,30.04,181700.0,5455938.5
2024-01-11 09:55:00,30.01,30.28,30.01,30.2,249400.0,7522335.5
2024-01-11 09:56:00,30.15,30.15,29.99,29.99,119700.0,3599704.25
2024-01-11 09:57:00,30.0,30.0,29.97,30.0,89200.0,2674844.5
2024-01-11 09:58:00,29.99,30.0,29.96,29.96,122200.0,3665204.0
2024-01-11 09:59:00,29.98,29.99,29.95,29.96,96000.0,2876989.75
2024-01-11 10:00:00,29.93,29.97,29.93,29.95,120100.0,3599360.0
2024-01-11 10:01:00,29.94,29.97,29.94,29.95,88500.0,2650439.75
2024-01-11 10:02:00,29.96,30.0,29.96,29.98,117800.0,3530168.0
2024-01-11 10:03:00,29.97,29.99,29.91,29.95,92200.0,2761317.0
2024-01-11 10:04:00,29.92,29.92,29.89,29.89,54300.0,1622758.5
2024-01-11 10:05:00,29.88,29.88,29.72,29.72,63200.0,1886139.5
2024-01-11 10:06:00,29.71,29.71,29.51,29.51,68700.0,2034840.25
2024-01-11 10:07:00,29.5,29.51,29.36,29.37,152400.0,4489169.5
2024-01-11 10:08:00,29.36,29.47,29.24,29.47,217100.0,6367896.0
2024-01-11 10:09:00,29.49,29.92,29.49,29.92,122200.0,3624308.25
2024-01-11 10:10:00,29.96,30.48,29.96,30.46,424800.0,12822443.0
2024-01-11 10:11:00,30.5,30.79,30.0,30.0,264100.0,8079388.0
2024-01-11 10:12:00,29.88,30.35,29.88,30.35,224000.0,6762458.0
2024-01-11 10:13:00,30.5,30.8,30.5,30.8,318500.0,9772769.0
2024-01-11 10:14:00,30.6,30.77,30.35,30.42,91400.0,2797038.25
2024-01-11 10:15:00,30.31,30.41,30.3,30.35,83200.0,2524652.0
2024-01-11 10:16:00,30.34,30.35,30.2,30.2,53600.0,1624508.0
2024-01-11 10:17:00,30.2,30.2,30.0,30.0,50300.0,1511112.5
2024-01-11 10:18:00,29.99,30.35,29.99,30.35,108000.0,3257896.25
2024-01-11 10:19:00,30.35,30.35,30.04,30.1,104400.0,3149434.75
2024-01-11 10:20:00,30.2,30.7,30.19,30.7,155900.0,4741203.0
2024-01-11 10:21:00,30.75,31.03,30.75,31.03,622600.0,19251816.0
2024-01-11 10:22:00,31.05,32.03,31.05,32.03,604500.0,19155414.0
2024-01-11 10:23:00,32.19,33.0,32.19,33.0,528000.0,17277368.0
2024-01-11 10:24:00,32.99,32.99,31.51,31.99,202000.0,6500308.0
2024-01-11 10:25:00,32.4,33.0,32.4,32.75,310800.0,10198450.0
2024-01-11 10:26:00,32.6,32.6,31.82,31.88,113400.0,3647281.5
2024-01-11 10:27:00,31.9,31.93,31.71,31.93,149200.0,4743079.0
2024-01-11 10:28:00,31.99,32.49,31.99,32.48,121800.0,3929083.5
2024-01-11 10:29:00,32.43,32.43,32.0,32.0,88300.0,2847412.5
2024-01-11 10:30:00,31.93,31.93,31.82,31.92,74200.0,2364447.25
2024-01-11 10:31:00,31.93,32.43,31.93,32.35,177100.0,5711885.5
2024-01-11 10:32:00,32.35,32.35,31.9,31.95,62500.0,2005316.125
2024-01-11 10:33:00,31.9,32.05,31.83,32.05,82400.0,2630836.25
2024-01-11 10:34:00,32.07,32.12,31.96,31.96,66300.0,2126099.5
2024-01-11 10:35:00,31.93,31.96,31.85,31.85,50700.0,1617969.125
2024-01-11 10:36:00,31.81,31.87,31.8,31.84,67500.0,2149461.0
2024-01-11 10:37:00,31.85,31.89,31.83,31.85,48300.0,1539511.625
2024-01-11 10:38:00,31.86,32.0,31.85,32.0,84000.0,2683534.5
2024-01-11 10:39:00,31.97,32.0,31.91,31.94,33300.0,1062893.5
2024-01-11 10:40:00,31.92,31.97,31.88,31.88,43700.0,1395600.75
2024-01-11 10:41:00,31.87,31.87,31.8,31.81,29400.0,936826.25
2024-01-11 10:42:00,31.81,31.82,31.72,31.72,34900.0,1109316.75
2024-01-11 10:43:00,31.7,31.7,31.52,31.52,27900.0,882464.875
2024-01-11 10:44:00,31.5,31.5,31.2,31.2,32200.0,1009451.0
2024-01-11 10:45:00,31.22,31.6,31.2,31.59,60800.0,1905062.875
2024-01-11 10:46:00,31.6,31.82,31.6,31.8,46400.0,1470639.75
2024-01-11 10:47:00,31.79,31.8,31.74,31.75,19200.0,610147.375
2024-01-11 10:48:00,31.74,31.74,31.61,31.61,15700.0,498614.09375
2024-01-11 10:49:00,31.63,31.63,31.4,31.51,40900.0,1286249.375
2024-01-11 10:50:00,31.51,31.51,31.4,31.41,31300.0,984119.25
2024-01-11 10:51:00,31.41,31.5,31.41,31.47,37400.0,1177888.25
2024-01-11 10:52:00,31.48,31.8,31.47,31.8,52200.0,1652913.5
2024-01-11 10:53:00,31.83,32.02,31.83,32.02,127400.0,4074031.75
2024-01-11 10:54:00,32.03,32.5,32.03,32.49,149100.0,4817266.0
2024-01-11 10:55:00,32.48,32.48,32.04,32.04,65600.0,2125682.0
2024-01-11 10:56:00,32.01,32.01,31.9,31.9,31700.0,1010518.75
2024-01-11 10:57:00,31.94,32.33,31.94,32.33,59400.0,1908768.0
2024-01-11 10:58:00,32.33,32.49,32.3,32.38,86400.0,2802448.25
2024-01-11 10:59:00,32.39,32.39,32.05,32.1,31400.0,1011773.0
2024-01-11 11:00:00,32.19,32.3,32.18,32.21,35400.0,1140797.0
2024-01-11 11:01:00,32.21,32.26,32.19,32.25,30200.0,974701.75
2024-01-11 11:02:00,32.24,32.25,32.06,32.1,22700.0,727451.375
2024-01-11 11:03:00,32.1,32.11,32.07,32.08,24100.0,774004.6875
2024-01-11 11:04:00,32.1,32.1,32.03,32.03,24600.0,789185.875
2024-01-11 11:05:00,32.05,32.05,31.9,31.9,17900.0,574078.9375
2024-01-11 11:06:00,31.9,31.97,31.9,31.9,27100.0,863115.6875
2024-01-11 11:07:00,31.92,31.92,31.86,31.86,19700.0,628913.625
2024-01-11 11:08:00,31.85,31.85,31.7,31.7,17400.0,551819.0
2024-01-11 11:09:00,31.71,32.0,31.71,32.0,36800.0,1172687.0
2024-01-11 11:10:00,32.0,32.03,31.99,32.0,54400.0,1742671.875
2024-01-11 11:11:00,32.0,32.0,31.93,31.93,14700.0,469060.53125
2024-01-11 11:12:00,31.91,31.91,31.71,31.73,30700.0,974582.375
2024-01-11 11:13:00,31.74,31.83,31.72,31.77,22000.0,699362.125
2024-01-11 11:14:00,31.83,31.9,31.74,31.9,21300.0,678169.875
2024-01-11 11:15:00,31.8,31.87,31.76,31.76,27600.0,879303.6875
2024-01-11 11:16:00,31.77,31.78,31.69,31.72,30900.0,980263.0
2024-01-11 11:17:00,31.7,31.76,31.69,31.72,17800.0,563543.3125
2024-01-11 11:18:00,31.72,31.72,31.68,31.68,11500.0,365445.125
2024-01-11 11:19:00,31.68,31.69,31.66,31.68,20500.0,650677.75
2024-01-11 11:20:00,31.67,31.68,31.67,31.67,18100.0,572813.25
2024-01-11 11:21:00,31.67,31.68,31.65,31.66,24700.0,780247.0
2024-01-11 11:22:00,31.64,31.67,31.62,31.62,15600.0,495546.46875
2024-01-11 11:23:00,31.62,31.62,31.51,31.51,15900.0,501487.84375
2024-01-11 11:24:00,31.51,31.51,31.38,31.41,14200.0,447486.03125
2024-01-11 11:25:00,31.33,31.33,31.14,31.14,21800.0,678835.5
2024-01-11 11:26:00,31.12,31.51,31.12,31.51,34000.0,1064046.0
2024-01-11 11:27:00,31.51,31.68,31.51,31.67,30800.0,976104.4375
2024-01-11 11:28:00,31.67,31.68,31.52,31.62,18800.0,592429.4375
2024-01-11 11:29:00,31.62,31.62,31.52,31.6,26100.0,824741.25
2024-01-11 11:30:00,31.6,31.65,31.6,31.63,30900.0,975992.0
2024-01-11 13:01:00,31.65,31.65,31.55,31.63,137600.0,4351584.0
2024-01-11 13:02:00,31.62,31.66,31.62,31.66,42500.0,1343902.75
2024-01-11 13:03:00,31.63,31.68,31.61,31.67,31000.0,980395.1875
2024-01-11 13:04:00,31.67,31.99,31.67,31.99,54100.0,1721568.875
2024-01-11 13:05:00,31.99,32.22,31.99,32.22,105900.0,3395075.0
2024-01-11 13:06:00,32.27,32.31,32.27,32.3,74700.0,2412681.25
2024-01-11 13:07:00,32.29,32.29,31.73,31.89,45600.0,1465707.875
2024-01-11 13:08:00,31.73,32.2,31.73,32.05,30300.0,972747.625
2024-01-11 13:09:00,32.05,32.19,32.05,32.13,36100.0,1160199.75
2024-01-11 13:10:00,32.15,32.19,32.01,32.19,40100.0,1287059.375
2024-01-11 13:11:00,32.19,32.28,32.1,32.28,52900.0,1704314.875
2024-01-11 13:12:00,32.28,32.65,32.28,32.65,204600.0,6644015.0
2024-01-11 13:13:00,32.68,35.18,32.68,35.15,849400.0,28496392.0
2024-01-11 13:14:00,35.26,36.68,35.26,36.68,262100.0,9398898.0
2024-01-11 13:15:00,36.7,38.44,36.7,37.8,212600.0,8020833.0
2024-01-11 13:16:00,36.51,36.51,35.0,35.83,78800.0,2808031.5
2024-01-11 13:17:00,35.99,38.0,35.99,37.92,117500.0,4396202.0
2024-01-11 13:18:00,37.63,37.63,36.36,36.8,56300.0,2075710.75
2024-01-11 13:19:00,36.82,37.7,36.82,37.5,75200.0,2819486.5
2024-01-11 13:20:00,37.5,37.5,37.0,37.0,38800.0,1445231.0
2024-01-11 13:21:00,37.0,37.0,36.4,36.4,37900.0,1393082.75
2024-01-11 13:22:00,36.4,36.4,36.22,36.22,65300.0,2377988.75
2024-01-11 13:23:00,36.23,36.23,35.65,35.65,32900.0,1180202.0
2024-01-11 13:24:00,35.64,35.68,35.1,35.1,21800.0,774169.0
2024-01-11 13:25:00,35.1,35.1,34.58,34.58,34500.0,1204692.0
2024-01-11 13:26:00,34.58,35.0,34.53,35.0,62200.0,2161751.5
2024-01-11 13:27:00,35.0,35.42,34.7,34.72,58500.0,2050247.875
2024-01-11 13:28:00,34.7,35.0,34.67,34.75,56100.0,1955653.75
2024-01-11 13:29:00,34.75,35.02,34.75,34.75,33200.0,1155411.75
2024-01-11 13:30:00,34.75,34.8,34.75,34.8,37100.0,1292399.0
2024-01-11 13:31:00,34.8,34.99,34.76,34.8,15900.0,553680.125
2024-01-11 13:32:00,35.0,35.0,34.8,34.95,25500.0,892906.5625
2024-01-11 13:33:00,34.98,34.98,34.81,34.9,11700.0,405499.125
2024-01-11 13:34:00,34.9,34.95,34.86,34.89,13000.0,456413.53125
2024-01-11 13:35:00,34.88,34.9,34.86,34.9,13500.0,468559.15625
2024-01-11 13:36:00,34.9,34.95,34.88,34.95,10700.0,374584.625
2024-01-11 13:37:00,34.96,35.0,34.9,34.99,20300.0,710536.9375
2024-01-11 13:38:00,35.0,35.05,34.99,35.05,31200.0,1093080.125
2024-01-11 13:39:00,35.02,35.05,34.99,35.05,32000.0,1119864.125
2024-01-11 13:40:00,35.04,35.17,35.04,35.17,15300.0,536683.8125
2024-01-11 13:41:00,35.16,36.0,35.16,36.0,39400.0,1402963.25
2024-01-11 13:42:00,36.1,37.0,36.1,37.0,73100.0,2683764.75
2024-01-11 13:43:00,36.99,37.08,36.99,37.0,69400.0,2569625.25
2024-01-11 13:44:00,36.98,36.98,35.5,35.5,13200.0,482548.84375
2024-01-11 13:45:00,35.5,35.6,35.5,35.54,34600.0,1232428.75
2024-01-11 13:46:00,35.52,35.6,35.5,35.6,23300.0,826100.8125
2024-01-11 13:47:00,35.58,36.44,35.58,36.44,25800.0,926162.8125
2024-01-11 13:48:00,36.5,36.72,36.5,36.7,29700.0,1086872.875
2024-01-11 13:49:00,36.72,36.72,35.71,35.71,14300.0,520753.28125
2024-01-11 13:50:00,35.71,36.15,35.71,36.0,18800.0,675426.0625
2024-01-11 13:51:00,36.0,36.14,36.0,36.02,13000.0,468121.59375
2024-01-11 13:52:00,36.02,36.02,35.85,35.85,25900.0,932300.5625
2024-01-11 13:53:00,35.82,35.82,35.61,35.61,11900.0,425998.15625
2024-01-11 13:54:00,35.62,35.86,35.62,35.86,17500.0,626212.1875
2024-01-11 13:55:00,35.86,35.96,35.83,35.96,18100.0,647794.25
2024-01-11 13:56:00,35.95,36.07,35.95,36.07,42100.0,1518235.25
2024-01-11 13:57:00,36.0,36.0,35.95,35.97,13900.0,498355.40625
2024-01-11 13:58:00,35.97,35.98,35.95,35.95,15700.0,566194.1875
2024-01-11 13:59:00,35.95,35.95,35.9,35.9,13300.0,475794.6875
2024-01-11 14:00:00,35.9,35.9,35.7,35.7,13800.0,494679.0
2024-01-11 14:01:00,35.7,35.7,35.38,35.38,31100.0,1108754.5
2024-01-11 14:02:00,35.23,35.23,34.8,34.8,30800.0,1077678.25
2024-01-11 14:03:00,34.8,34.8,34.4,34.4,31600.0,1094762.25
2024-01-11 14:04:00,34.4,34.6,34.23,34.6,34100.0,1171510.5
2024-01-11 14:05:00,34.55,34.91,34.55,34.91,18700.0,649648.6875
2024-01-11 14:06:00,34.98,35.37,34.98,35.37,19900.0,697541.4375
2024-01-11 14:07:00,35.38,35.76,35.38,35.75,23100.0,823850.875
2024-01-11 14:08:00,35.79,35.8,35.2,35.2,26700.0,947893.625
2024-01-11 14:09:00,35.14,35.14,34.85,34.87,11400.0,401203.9375
2024-01-11 14:10:00,34.8,34.8,34.55,34.59,11500.0,396193.0
2024-01-11 14:11:00,34.54,34.7,34.54,34.7,16900.0,587004.4375
2024-01-11 14:12:00,34.7,34.72,34.5,34.5,29600.0,1022122.0
2024-01-11 14:13:00,34.5,34.5,34.15,34.15,32800.0,1127500.75
2024-01-11 14:14:00,34.16,34.16,34.09,34.13,16800.0,572474.125
2024-01-11 14:15:00,34.14,34.2,34.14,34.2,21000.0,716359.4375
2024-01-11 14:16:00,34.18,34.3,34.17,34.3,18100.0,619572.6875
2024-01-11 14:17:00,34.3,34.4,34.25,34.37,9300.0,318998.40625
2024-01-11 14:18:00,34.37,34.4,34.37,34.4,10000.0,342200.21875
2024-01-11 14:19:00,34.46,34.46,34.4,34.44,6100.0,210312.765625
2024-01-11 14:20:00,34.44,34.44,34.36,34.36,8400.0,290268.71875
2024-01-11 14:21:00,34.32,34.33,34.16,34.16,11500.0,393905.8125
2024-01-11 14:22:00,34.18,34.18,34.0,34.0,15000.0,512581.125
2024-01-11 14:23:00,34.01,34.01,33.82,33.82,28600.0,969354.5625
2024-01-11 14:24:00,33.82,33.88,33.8,33.85,46000.0,1554199.625
2024-01-11 14:25:00,33.88,33.93,33.86,33.93,17700.0,599478.0
2024-01-11 14:26:00,33.93,34.01,33.9,34.01,31200.0,1060218.75
2024-01-11 14:27:00,34.0,34.06,34.0,34.05,11100.0,378463.8125
2024-01-11 14:28:00,34.08,34.1,34.08,34.09,12700.0,433507.0
2024-01-11 14:29:00,34.09,34.1,34.05,34.05,19900.0,676962.1875
2024-01-11 14:30:00,34.02,34.02,33.88,33.88,21600.0,733579.25
2024-01-11 14:31:00,33.88,33.88,33.69,33.69,21500.0,725193.8125
2024-01-11 14:32:00,33.67,33.67,33.33,33.33,32600.0,1090090.25
2024-01-11 14:33:00,33.33,33.33,33.01,33.01,46900.0,1554699.25
2024-01-11 14:34:00,33.0,33.0,32.83,32.83,51500.0,1697803.5
2024-01-11 14:35:00,32.82,32.82,32.69,32.69,28100.0,919091.6875
2024-01-11 14:36:00,32.68,33.0,32.68,33.0,91400.0,3004236.5
2024-01-11 14:37:00,33.01,33.01,32.88,32.91,25600.0,842913.125
2024-01-11 14:38:00,32.91,32.99,32.91,32.92,15200.0,500824.0
2024-01-11 14:39:00,32.95,33.0,32.91,33.0,63200.0,2083872.875
2024-01-11 14:40:00,32.95,33.0,32.91,32.99,52000.0,1713665.0
2024-01-11 14:41:00,32.92,33.98,32.92,33.9,46200.0,1544724.125
2024-01-11 14:42:00,34.0,34.0,33.6,33.6,23400.0,794095.5625
2024-01-11 14:43:00,33.53,33.6,33.48,33.49,30900.0,1035799.1875
2024-01-11 14:44:00,33.03,33.31,33.03,33.08,18500.0,614538.0
2024-01-11 14:45:00,33.08,33.18,33.06,33.12,25500.0,843910.125
2024-01-11 14:46:00,33.25,33.25,33.18,33.24,27400.0,908630.0
2024-01-11 14:47:00,33.22,33.24,33.2,33.23,36600.0,1217975.25
2024-01-11 14:48:00,33.2,33.2,33.14,33.15,44200.0,1467051.5
2024-01-11 14:49:00,33.15,33.15,33.0,33.0,36800.0,1214269.875
2024-01-11 14:50:00,33.0,33.0,32.93,32.93,59200.0,1952167.375
2024-01-11 14:51:00,32.93,32.99,32.93,32.96,67500.0,2224662.25
2024-01-11 14:52:00,32.98,32.98,32.92,32.93,59600.0,1965104.875
2024-01-11 14:53:00,32.93,32.93,32.87,32.87,60700.0,1996834.0
2024-01-11 14:54:00,32.85,32.86,32.6,32.6,65100.0,2131807.75
2024-01-11 14:55:00,32.6,32.6,32.3,32.35,96500.0,3128228.5
2024-01-11 14:56:00,32.33,32.66,32.32,32.66,156300.0,5067742.5
2024-01-11 14:57:00,32.61,32.87,32.61,32.84,131500.0,4313618.0
2024-01-11 14:58:00,32.84,32.84,32.84,32.84,8200.0,272081.5625
2024-01-11 14:59:00,32.84,32.84,32.84,32.84,0.0,0.0
2024-01-11 15:00:00,32.84,32.84,32.84,32.84,209200.0,6870226.5
2024-01-12 09:31:00,31.2,31.77,30.68,31.24,2297100.0,71676616.0
2024-01-12 09:32:00,31.4,32.85,31.31,31.58,763900.0,24486816.0
2024-01-12 09:33:00,31.95,32.37,31.7,31.89,390400.0,12489511.0
2024-01-12 09:34:00,31.76,32.65,31.76,32.65,280200.0,9028865.0
2024-01-12 09:35:00,32.8,32.88,32.07,32.26,400800.0,13027636.0
2024-01-12 09:36:00,32.34,32.5,32.0,32.0,257500.0,8321068.5
2024-01-12 09:37:00,31.95,32.57,31.95,32.57,244000.0,7875635.5
2024-01-12 09:38:00,32.6,32.84,32.41,32.52,372900.0,12144015.0
2024-01-12 09:39:00,32.52,32.52,32.04,32.26,198100.0,6403295.0
2024-01-12 09:40:00,32.39,33.27,32.39,33.24,289600.0,9531703.0
2024-01-12 09:41:00,33.2,33.68,32.91,33.6,642400.0,21335080.0
2024-01-12 09:42:00,33.68,33.7,33.1,33.49,439300.0,14696411.0
2024-01-12 09:43:00,33.5,33.53,33.17,33.45,286800.0,9578299.0
2024-01-12 09:44:00,33.44,34.3,33.44,34.09,346200.0,11725070.0
2024-01-12 09:45:00,33.99,33.99,33.5,33.6,300800.0,10155702.0
2024-01-12 09:46:00,33.52,33.52,32.81,32.84,223900.0,7417441.5
2024-01-12 09:47:00,32.87,33.38,32.81,32.81,294600.0,9743646.0
2024-01-12 09:48:00,32.8,32.99,32.5,32.56,255300.0,8371891.5
2024-01-12 09:49:00,32.65,33.02,32.63,32.88,180500.0,5926901.0
2024-01-12 09:50:00,32.83,32.91,32.7,32.7,101600.0,3329881.0
2024-01-12 09:51:00,32.72,32.99,32.7,32.98,100500.0,3301045.0
2024-01-12 09:52:00,32.99,33.1,32.79,32.8,151000.0,4968503.5
2024-01-12 09:53:00,32.8,33.5,32.8,33.06,176300.0,5862024.0
2024-01-12 09:54:00,33.06,33.4,33.05,33.4,93200.0,3098652.5
2024-01-12 09:55:00,33.29,33.29,33.0,33.24,188300.0,6245254.5
2024-01-12 09:56:00,33.25,33.81,33.11,33.81,242500.0,8103340.0
2024-01-12 09:57:00,33.81,33.81,33.11,33.46,206400.0,6915567.5
2024-01-12 09:58:00,33.6,34.02,33.6,34.02,329500.0,11143574.0
2024-01-12 09:59:00,34.08,34.15,33.17,33.41,360100.0,12181497.0
2024-01-12 10:00:00,33.4,34.0,33.35,34.0,234100.0,7847995.5
2024-01-12 10:01:00,34.0,34.0,33.41,33.78,195300.0,6622147.0
2024-01-12 10:02:00,33.83,34.08,33.7,33.7,231600.0,7865425.5
2024-01-12 10:03:00,33.7,33.8,33.52,33.8,129800.0,4359289.5
2024-01-12 10:04:00,33.82,33.97,33.5,33.5,141000.0,4763037.0
2024-01-12 10:05:00,33.49,33.53,33.27,33.52,168200.0,5615124.5
2024-01-12 10:06:00,33.52,33.59,33.52,33.57,89700.0,3008188.5
2024-01-12 10:07:00,33.58,33.64,33.3,33.3,67500.0,2263870.5
2024-01-12 10:08:00,33.24,33.43,33.17,33.36,75500.0,2509495.25
2024-01-12 10:09:00,33.3,33.48,33.3,33.43,58700.0,1959664.625
2024-01-12 10:10:00,33.46,33.95,33.46,33.95,76600.0,2582256.25
2024-01-12 10:11:00,33.98,33.98,33.88,33.88,148900.0,5056505.0
2024-01-12 10:12:00,33.88,34.03,33.79,34.03,117200.0,3977995.0
2024-01-12 10:13:00,34.05,34.19,34.05,34.13,193200.0,6596046.0
2024-01-12 10:14:00,34.1,34.13,33.68,33.94,57400.0,1947223.75
2024-01-12 10:15:00,33.88,34.07,33.88,34.0,55800.0,1896267.75
2024-01-12 10:16:00,34.01,34.01,33.68,33.8,69500.0,2354961.75
2024-01-12 10:17:00,33.79,34.0,33.79,33.97,32200.0,1092165.0
2024-01-12 10:18:00,34.0,34.0,33.92,33.98,71400.0,2425669.25
2024-01-12 10:19:00,33.99,34.68,33.99,34.64,153600.0,5256567.0
2024-01-12 10:20:00,34.7,35.2,34.7,34.98,356200.0,12471665.0
2024-01-12 10:21:00,34.6,35.0,34.39,35.0,151500.0,5253702.0
2024-01-12 10:22:00,35.0,35.27,34.56,34.56,336300.0,11807367.0
2024-01-12 10:23:00,34.52,34.96,34.35,34.7,125300.0,4350781.0
2024-01-12 10:24:00,34.8,35.53,34.75,35.53,142900.0,5021511.0
2024-01-12 10:25:00,35.53,35.62,34.79,34.82,258100.0,9097094.0
2024-01-12 10:26:00,34.86,35.07,34.81,34.98,144700.0,5058495.5
2024-01-12 10:27:00,34.95,34.95,34.5,34.5,97000.0,3365661.75
2024-01-12 10:28:00,34.41,34.8,34.26,34.8,134100.0,4614530.5
2024-01-12 10:29:00,34.8,35.1,34.79,35.07,98100.0,3423523.0
2024-01-12 10:30:00,35.0,35.0,34.35,34.35,77400.0,2684915.75
2024-01-12 10:31:00,34.3,34.3,34.03,34.2,83600.0,2849423.75
2024-01-12 10:32:00,34.15,34.5,34.15,34.41,75100.0,2576066.0
2024-01-12 10:33:00,34.39,34.39,33.89,33.98,108100.0,3681207.5
2024-01-12 10:34:00,33.97,34.3,33.97,34.08,60200.0,2050706.75
2024-01-12 10:35:00,33.98,34.0,33.9,33.9,87900.0,2986505.0
2024-01-12 10:36:00,33.81,33.81,33.19,33.38,160300.0,5371789.0
2024-01-12 10:37:00,33.4,33.9,33.4,33.87,94900.0,3203473.75
2024-01-12 10:38:00,33.87,33.87,33.7,33.84,72100.0,2433700.0
2024-01-12 10:39:00,33.89,33.97,33.8,33.8,56100.0,1900441.875
2024-01-12 10:40:00,33.76,33.76,33.3,33.42,77100.0,2586747.0
2024-01-12 10:41:00,33.42,33.87,33.42,33.8,79400.0,2662821.0
2024-01-12 10:42:00,33.8,33.85,33.48,33.5,90500.0,3044431.25
2024-01-12 10:43:00,33.49,33.55,33.48,33.55,44600.0,1493176.5
2024-01-12 10:44:00,33.59,34.03,33.55,34.03,66600.0,2251044.5
2024-01-12 10:45:00,34.0,34.0,33.71,33.78,95200.0,3227201.0
2024-01-12 10:46:00,33.83,33.9,33.77,33.87,79300.0,2687473.0
2024-01-12 10:47:00,33.88,33.94,33.76,33.8,42400.0,1435813.125
2024-01-12 10:48:00,33.8,34.0,33.8,33.99,42800.0,1451442.25
2024-01-12 10:49:00,33.9,33.9,33.8,33.85,30200.0,1021785.5
2024-01-12 10:50:00,33.85,33.99,33.83,33.99,38700.0,1311085.375
2024-01-12 10:51:00,33.98,33.98,33.7,33.77,55300.0,1871238.375
2024-01-12 10:52:00,33.7,33.78,33.7,33.71,25600.0,865186.5625
2024-01-12 10:53:00,33.74,33.96,33.74,33.78,34800.0,1176054.25
2024-01-12 10:54:00,33.9,33.92,33.81,33.92,32600.0,1102509.125
2024-01-12 10:55:00,33.83,33.89,33.65,33.65,37300.0,1262623.125
2024-01-12 10:56:00,33.65,33.65,33.51,33.57,44200.0,1484995.0
2024-01-12 10:57:00,33.56,33.61,33.55,33.61,44500.0,1493028.875
2024-01-12 10:58:00,33.62,33.88,33.61,33.88,16600.0,557842.5
2024-01-12 10:59:00,33.88,33.88,33.55,33.55,47600.0,1603062.75
2024-01-12 11:00:00,33.6,33.68,33.56,33.68,29500.0,990733.4375
2024-01-12 11:01:00,33.65,33.68,33.61,33.66,27600.0,928554.0
2024-01-12 11:02:00,33.68,33.99,33.68,33.99,20400.0,690967.125
2024-01-12 11:03:00,33.99,34.0,33.9,33.9,63300.0,2151195.25
2024-01-12 11:04:00,33.88,33.89,33.66,33.7,69700.0,2348962.0
2024-01-12 11:05:00,33.7,33.86,33.7,33.86,19500.0,659164.0
2024-01-12 11:06:00,33.85,33.96,33.85,33.96,24700.0,839201.375
2024-01-12 11:07:00,33.93,33.97,33.8,33.95,38400.0,1300229.125
2024-01-12 11:08:00,33.97,33.99,33.95,33.97,32000.0,1087247.25
2024-01-12 11:09:00,33.97,34.12,33.97,34.12,30100.0,1023385.0
2024-01-12 11:10:00,34.21,34.47,34.21,34.4,44200.0,1519930.5
2024-01-12 11:11:00,34.34,34.34,34.0,34.07,42800.0,1460933.875
2024-01-12 11:12:00,34.12,34.18,34.07,34.08,27800.0,948797.125
2024-01-12 11:13:00,34.08,34.15,34.03,34.05,27900.0,950563.0
2024-01-12 11:14:00,34.05,34.17,34.05,34.17,28000.0,955841.75
2024-01-12 11:15:00,34.18,34.18,34.1,34.11,20400.0,696557.0
2024-01-12 11:16:00,34.1,34.15,34.1,34.12,21000.0,718878.0
2024-01-12 11:17:00,34.18,34.45,34.18,34.4,20300.0,696222.5
2024-01-12 11:18:00,34.53,35.0,34.53,34.97,108000.0,3763749.25
2024-01-12 11:19:00,34.96,34.96,34.45,34.7,44600.0,1551196.375
2024-01-12 11:20:00,34.7,35.27,34.7,35.27,99500.0,3486523.0
2024-01-12 11:21:00,35.3,35.31,34.62,34.99,98400.0,3454487.5
2024-01-12 11:22:00,35.0,35.2,34.46,34.79,53500.0,1870391.375
2024-01-12 11:23:00,34.8,35.11,34.8,34.99,68500.0,2395391.0
2024-01-12 11:24:00,34.98,34.98,34.43,34.6,36700.0,1275033.25
2024-01-12 11:25:00,34.6,34.6,34.28,34.36,21400.0,737057.125
2024-01-12 11:26:00,34.41,34.76,34.36,34.5,39300.0,1354371.125
2024-01-12 11:27:00,34.6,34.76,34.5,34.7,13400.0,463355.8125
2024-01-12 11:28:00,34.71,34.73,34.5,34.52,19900.0,689165.0
2024-01-12 11:29:00,34.53,34.53,34.06,34.06,23800.0,818400.4375
2024-01-12 11:30:00,34.06,34.13,33.95,34.13,51900.0,1764529.375
2024-01-12 13:01:00,34.18,34.88,34.18,34.55,110800.0,3823040.5
2024-01-12 13:02:00,34.6,34.8,34.55,34.74,45500.0,1576826.0
2024-01-12 13:03:00,34.7,34.7,34.32,34.32,33900.0,1173295.875
2024-01-12 13:04:00,34.32,34.8,34.23,34.8,36800.0,1271229.375
2024-01-12 13:05:00,34.87,35.18,34.87,35.15,91900.0,3226467.25
2024-01-12 13:06:00,35.16,35.16,34.87,35.0,34100.0,1192482.0
2024-01-12 13:07:00,35.0,35.05,34.8,34.8,27100.0,946102.6875
2024-01-12 13:08:00,34.8,34.82,34.56,34.6,30500.0,1058310.5
2024-01-12 13:09:00,34.7,34.91,34.7,34.91,13400.0,466081.75
2024-01-12 13:10:00,34.98,35.0,34.97,35.0,57900.0,2025895.0
2024-01-12 13:11:00,35.0,35.07,34.9,34.9,47400.0,1658847.125
2024-01-12 13:12:00,34.89,34.89,34.79,34.81,18200.0,635917.0
2024-01-12 13:13:00,34.88,34.88,34.72,34.82,12800.0,445668.0
2024-01-12 13:14:00,34.8,34.87,34.75,34.87,18500.0,641471.3125
2024-01-12 13:15:00,34.88,35.1,34.88,35.1,42100.0,1474844.125
2024-01-12 13:16:00,35.1,35.12,34.89,34.89,45900.0,1610784.125
2024-01-12 13:17:00,34.88,34.91,34.77,34.77,15900.0,553950.0
2024-01-12 13:18:00,34.76,34.78,34.62,34.78,17800.0,616042.9375
2024-01-12 13:19:00,34.78,35.0,34.75,34.75,30100.0,1048264.625
2024-01-12 13:20:00,34.75,34.75,34.57,34.66,26900.0,934856.625
2024-01-12 13:21:00,34.6,34.6,34.34,34.34,27500.0,945901.9375
2024-01-12 13:22:00,34.34,34.6,34.34,34.6,37800.0,1303435.125
2024-01-12 13:23:00,34.59,34.59,34.19,34.19,36800.0,1263680.625
2024-01-12 13:24:00,34.18,34.33,34.13,34.18,36100.0,1233207.0
2024-01-12 13:25:00,34.18,34.47,34.18,34.45,10400.0,356352.4375
2024-01-12 13:26:00,34.44,34.45,34.31,34.38,14700.0,505352.0
2024-01-12 13:27:00,34.36,34.37,34.3,34.3,14100.0,484115.0
2024-01-12 13:28:00,34.25,34.3,34.22,34.25,22000.0,755629.0
2024-01-12 13:29:00,34.25,34.25,34.16,34.16,63700.0,2178134.5
2024-01-12 13:30:00,34.15,34.19,34.13,34.19,26700.0,911469.3125
2024-01-12 13:31:00,34.19,34.19,34.13,34.13,49200.0,1679532.0
2024-01-12 13:32:00,34.03,34.03,33.8,33.8,76300.0,2591455.25
2024-01-12 13:33:00,33.8,34.15,33.8,34.15,22900.0,775832.1875
2024-01-12 13:34:00,34.15,34.15,34.0,34.03,40700.0,1385444.75
2024-01-12 13:35:00,34.03,34.09,33.94,33.94,24400.0,831536.6875
2024-01-12 13:36:00,33.99,33.99,33.87,33.88,14200.0,481115.0
2024-01-12 13:37:00,33.8,33.82,33.69,33.69,47500.0,1604389.375
2024-01-12 13:38:00,33.69,33.99,33.69,33.9,38900.0,1311449.75
2024-01-12 13:39:00,33.9,34.04,33.9,34.01,22700.0,771160.0
2024-01-12 13:40:00,34.01,34.17,34.0,34.0,24400.0,831173.0
2024-01-12 13:41:00,33.91,33.99,33.8,33.81,29500.0,999103.0
2024-01-12 13:42:00,33.8,33.9,33.76,33.9,23200.0,786806.5625
2024-01-12 13:43:00,33.9,34.15,33.9,34.14,17700.0,600938.75
2024-01-12 13:44:00,34.13,34.13,33.68,33.68,47300.0,1601945.0
2024-01-12 13:45:00,33.71,34.0,33.71,33.98,16700.0,565390.0
2024-01-12 13:46:00,33.98,33.98,33.8,33.85,15400.0,523275.0
2024-01-12 13:47:00,33.85,33.88,33.85,33.85,12900.0,436740.0
2024-01-12 13:48:00,33.85,33.86,33.73,33.76,27100.0,913778.0
2024-01-12 13:49:00,33.7,33.73,33.46,33.48,132400.0,4448147.0
2024-01-12 13:50:00,33.46,33.75,33.4,33.75,47600.0,1592305.25
2024-01-12 13:51:00,33.77,33.87,33.77,33.86,25600.0,865499.5
2024-01-12 13:52:00,33.85,33.85,33.52,33.53,42000.0,1413092.0
2024-01-12 13:53:00,33.54,33.77,33.54,33.74,26200.0,879834.375
2024-01-12 13:54:00,33.75,33.85,33.75,33.85,16900.0,571231.75
2024-01-12 13:55:00,33.77,33.78,33.71,33.74,13200.0,445649.21875
2024-01-12 13:56:00,33.72,33.72,33.6,33.6,19200.0,646816.5
2024-01-12 13:57:00,33.6,33.6,33.57,33.58,19600.0,657785.875
2024-01-12 13:58:00,33.58,33.66,33.57,33.66,13400.0,449878.75
2024-01-12 13:59:00,33.66,33.81,33.62,33.81,12800.0,433764.65625
2024-01-12 14:00:00,33.81,33.84,33.78,33.82,17100.0,578135.125
2024-01-12 14:01:00,33.83,33.85,33.82,33.83,10100.0,341121.71875
2024-01-12 14:02:00,33.83,33.83,33.64,33.64,19200.0,646402.5
2024-01-12 14:03:00,33.63,33.63,33.58,33.6,25700.0,863557.0
2024-01-12 14:04:00,33.59,33.63,33.58,33.59,25600.0,861895.75
2024-01-12 14:05:00,33.58,33.75,33.58,33.74,10000.0,336199.4375
2024-01-12 14:06:00,33.75,33.78,33.6,33.6,36800.0,1237335.75
2024-01-12 14:07:00,33.6,33.6,33.2,33.2,122600.0,4090876.25
2024-01-12 14:08:00,33.11,33.45,33.08,33.22,91300.0,3026258.75
2024-01-12 14:09:00,33.1,33.1,32.51,32.71,170100.0,5584343.5
2024-01-12 14:10:00,32.85,32.85,32.55,32.55,111000.0,3628369.5
2024-01-12 14:11:00,32.53,32.75,32.4,32.64,84500.0,2749358.5
2024-01-12 14:12:00,32.76,32.92,32.45,32.45,66900.0,2183041.5
2024-01-12 14:13:00,32.45,32.45,32.1,32.31,85300.0,2750897.0
2024-01-12 14:14:00,32.3,32.6,32.23,32.53,51800.0,1677971.0
2024-01-12 14:15:00,32.53,32.53,32.11,32.11,97200.0,3131651.25
2024-01-12 14:16:00,32.07,32.49,32.07,32.49,48800.0,1570403.5
2024-01-12 14:17:00,32.49,32.49,32.2,32.22,75100.0,2427160.75
2024-01-12 14:18:00,32.22,32.22,32.12,32.17,61200.0,1968228.5
2024-01-12 14:19:00,32.15,32.3,32.13,32.3,45900.0,1476585.25
2024-01-12 14:20:00,32.3,32.3,32.16,32.16,55000.0,1773696.0
2024-01-12 14:21:00,32.13,32.13,31.76,31.76,141500.0,4529285.5
2024-01-12 14:22:00,31.73,32.12,31.7,32.12,84200.0,2683235.25
2024-01-12 14:23:00,32.0,32.12,31.87,31.88,40200.0,1284913.0
2024-01-12 14:24:00,31.88,32.01,31.88,32.01,57300.0,1828278.5
2024-01-12 14:25:00,32.02,32.2,32.01,32.2,21300.0,684176.375
2024-01-12 14:26:00,32.2,32.27,32.15,32.15,45700.0,1471020.75
2024-01-12 14:27:00,32.15,32.15,31.88,31.9,46900.0,1500152.875
2024-01-12 14:28:00,31.9,32.14,31.9,32.1,19100.0,608414.75
2024-01-12 14:29:00,32.14,32.19,31.92,32.0,41100.0,1316237.0
2024-01-12 14:30:00,32.0,32.06,31.9,31.91,70300.0,2247594.25
2024-01-12 14:31:00,31.9,31.9,31.8,31.85,89300.0,2843440.0
2024-01-12 14:32:00,31.85,32.0,31.85,32.0,28400.0,905811.875
2024-01-12 14:33:00,31.98,31.98,31.88,31.88,30100.0,960800.0
2024-01-12 14:34:00,31.87,31.88,31.78,31.78,98700.0,3139426.25
2024-01-12 14:35:00,31.8,31.8,31.72,31.72,100300.0,3190113.75
2024-01-12 14:36:00,31.69,31.71,31.5,31.5,104500.0,3301518.25
2024-01-12 14:37:00,31.51,31.51,31.38,31.48,108300.0,3413091.0
2024-01-12 14:38:00,31.49,31.8,31.46,31.8,48700.0,1535178.0
2024-01-12 14:39:00,31.84,31.99,31.84,31.84,58500.0,1867009.0
2024-01-12 14:40:00,31.8,31.93,31.8,31.92,24100.0,767240.375
2024-01-12 14:41:00,31.95,31.95,31.55,31.55,50800.0,1613647.125
2024-01-12 14:42:00,31.58,31.85,31.58,31.8,28400.0,901967.375
2024-01-12 14:43:00,31.76,31.77,31.66,31.66,56700.0,1799630.375
2024-01-12 14:44:00,31.65,31.85,31.65,31.85,63200.0,2010373.5
2024-01-12 14:45:00,31.86,31.9,31.86,31.89,63700.0,2030968.25
2024-01-12 14:46:00,31.88,31.9,31.8,31.8,63300.0,2017230.0
2024-01-12 14:47:00,31.8,31.8,31.6,31.6,104500.0,3310679.0
2024-01-12 14:48:00,31.6,31.79,31.59,31.79,57200.0,1812931.0
2024-01-12 14:49:00,31.79,31.94,31.79,31.94,82800.0,2634662.75
2024-01-12 14:50:00,31.95,32.42,31.95,32.28,91600.0,2940348.5
2024-01-12 14:51:00,32.16,32.16,31.79,31.97,111200.0,3551394.5
2024-01-12 14:52:00,31.97,32.1,31.95,32.1,55200.0,1765636.0
2024-01-12 14:53:00,32.09,32.25,32.09,32.15,91900.0,2953149.5
2024-01-12 14:54:00,32.14,32.38,32.14,32.35,84200.0,2715131.5
2024-01-12 14:55:00,32.35,32.39,32.0,32.0,139200.0,4481097.0
2024-01-12 14:56:00,32.0,32.4,32.0,32.4,102800.0,3308767.25
2024-01-12 14:57:00,32.45,33.2,32.45,33.2,208300.0,6880682.5
2024-01-12 14:58:00,33.18,33.18,33.18,33.18,6100.0,202479.0
2024-01-12 14:59:00,33.18,33.18,33.18,33.18,0.0,0.0
2024-01-12 15:00:00,33.18,33.18,33.18,33.18,314600.0,10437300.0
