报告日,利率,涨跌
2006-10-08,2.611,0.0
2006-10-09,2.6248,1.38
2006-10-10,2.6325,0.77
2006-10-11,2.6338,0.13
2006-10-12,2.638,0.42
2006-10-13,2.642,0.4
2006-10-16,2.6459,0.39
2006-10-17,2.6484,0.25
2006-10-18,2.6483,-0.01
2006-10-19,2.6483,0.0
2006-10-20,2.6482,-0.01
2006-10-23,2.648,-0.02
2006-10-24,2.6481,0.01
2006-10-25,2.648,-0.01
2006-10-26,2.6479,-0.01
2006-10-27,2.6479,0.0
2006-10-30,2.6479,0.0
2006-10-31,2.6479,0.0
2006-11-01,2.6479,0.0
2006-11-02,2.6479,0.0
2006-11-03,2.6479,0.0
2006-11-06,2.6557,0.78
2006-11-07,2.683,2.73
2006-11-08,2.7082,2.52
2006-11-09,2.7236,1.54
2006-11-10,2.7401,1.65
2006-11-13,2.7551,1.5
2006-11-14,2.7707,1.56
2006-11-15,2.775,0.43
2006-11-16,2.7764,0.14
2006-11-17,2.7774,0.1
2006-11-20,2.7825,0.51
2006-11-21,2.7895,0.7
2006-11-22,2.7916,0.21
2006-11-23,2.7952,0.36
2006-11-24,2.8028,0.76
2006-11-27,2.8018,-0.1
2006-11-28,2.8023,0.05
2006-11-29,2.8038,0.15
2006-11-30,2.8054,0.16
2006-12-01,2.8086,0.32
2006-12-04,2.809,0.04
2006-12-05,2.8096,0.06
2006-12-06,2.8093,-0.03
2006-12-07,2.8094,0.01
2006-12-08,2.8096,0.02
2006-12-11,2.8089,-0.07
2006-12-12,2.808,-0.09
2006-12-13,2.808,0.0
2006-12-14,2.8079,-0.01
2006-12-15,2.8073,-0.06
2006-12-18,2.8076,0.03
2006-12-19,2.8072,-0.04
2006-12-20,2.8066,-0.06
2006-12-21,2.8069,0.03
2006-12-22,2.807,0.01
2006-12-25,2.8072,0.02
2006-12-26,2.8073,0.01
2006-12-27,2.8076,0.03
2006-12-28,2.8079,0.03
2006-12-29,2.808,0.01
2006-12-30,2.8081,0.01
2006-12-31,2.8082,0.01
2007-01-04,2.8077,-0.05
2007-01-05,2.8079,0.02
2007-01-08,2.808,0.01
2007-01-09,2.8083,0.03
2007-01-10,2.8082,-0.01
2007-01-11,2.8081,-0.01
2007-01-12,2.8079,-0.02
2007-01-15,2.8078,-0.01
2007-01-16,2.8079,0.01
2007-01-17,2.8079,0.0
2007-01-18,2.808,0.01
2007-01-19,2.808,0.0
2007-01-22,2.8081,0.01
2007-01-23,2.8081,0.0
2007-01-24,2.8082,0.01
2007-01-25,2.8082,0.0
2007-01-26,2.8082,0.0
2007-01-29,2.8082,0.0
2007-01-30,2.8083,0.01
2007-01-31,2.8083,0.0
2007-02-01,2.8083,0.0
2007-02-02,2.8083,0.0
2007-02-05,2.8084,0.01
2007-02-06,2.8085,0.01
2007-02-07,2.8153,0.68
2007-02-08,2.8204,0.51
2007-02-09,2.8433,2.29
2007-02-12,2.8757,3.24
2007-02-13,2.8745,-0.12
2007-02-14,2.8772,0.27
2007-02-15,2.8792,0.2
2007-02-16,2.8727,-0.65
2007-02-17,2.865,-0.77
2007-02-25,2.8654,0.04
2007-02-26,2.8637,-0.17
2007-02-27,2.8616,-0.21
2007-02-28,2.8539,-0.77
2007-03-01,2.8468,-0.71
2007-03-02,2.8394,-0.74
2007-03-05,2.8332,-0.62
2007-03-06,2.8292,-0.4
2007-03-07,2.8247,-0.45
2007-03-08,2.8231,-0.16
2007-03-09,2.8217,-0.14
2007-03-12,2.8215,-0.02
2007-03-13,2.8211,-0.04
2007-03-14,2.8203,-0.08
2007-03-15,2.821,0.07
2007-03-16,2.8214,0.04
2007-03-19,2.8335,1.21
2007-03-20,2.8357,0.22
2007-03-21,2.8401,0.44
2007-03-22,2.8447,0.46
2007-03-23,2.848,0.33
2007-03-26,2.8499,0.19
2007-03-27,2.854,0.41
2007-03-28,2.8574,0.34
2007-03-29,2.8592,0.18
2007-03-30,2.861,0.18
2007-04-02,2.8643,0.33
2007-04-03,2.8643,0.0
2007-04-04,2.8652,0.09
2007-04-05,2.8656,0.04
2007-04-06,2.8695,0.39
2007-04-09,2.8779,0.84
2007-04-10,2.8822,0.43
2007-04-11,2.8873,0.51
2007-04-12,2.8894,0.21
2007-04-13,2.8904,0.1
2007-04-16,2.8932,0.28
2007-04-17,2.9016,0.84
2007-04-18,2.9049,0.33
2007-04-19,2.9379,3.3
2007-04-20,2.9532,1.53
2007-04-23,2.9651,1.19
2007-04-24,2.9721,0.7
2007-04-25,2.976,0.39
2007-04-26,2.9737,-0.23
2007-04-27,2.9745,0.08
2007-04-28,2.9685,-0.6
2007-04-29,2.9601,-0.84
2007-04-30,2.9574,-0.27
2007-05-08,2.955,-0.24
2007-05-09,2.9532,-0.18
2007-05-10,2.9553,0.21
2007-05-11,2.959,0.37
2007-05-14,2.9699,1.09
2007-05-15,2.9695,-0.04
2007-05-16,2.9669,-0.26
2007-05-17,2.9634,-0.35
2007-05-18,2.9629,-0.05
2007-05-21,2.9826,1.97
2007-05-22,3.0017,1.91
2007-05-23,3.0196,1.79
2007-05-24,3.0327,1.31
2007-05-25,3.038,0.53
2007-05-28,3.0424,0.44
2007-05-29,3.0445,0.21
2007-05-30,3.0459,0.14
2007-05-31,3.0472,0.13
2007-06-01,3.0472,0.0
2007-06-04,3.0502,0.3
2007-06-05,3.0519,0.17
2007-06-06,3.0544,0.25
2007-06-07,3.0501,-0.43
2007-06-08,3.0486,-0.15
2007-06-11,3.0495,0.09
2007-06-12,3.0503,0.08
2007-06-13,3.0522,0.19
2007-06-14,3.0553,0.31
2007-06-15,3.0573,0.2
2007-06-18,3.0585,0.12
2007-06-19,3.061,0.25
2007-06-20,3.0633,0.23
2007-06-21,3.0664,0.31
2007-06-22,3.0708,0.44
2007-06-25,3.0766,0.58
2007-06-26,3.0781,0.15
2007-06-27,3.078,-0.01
2007-06-28,3.0827,0.47
2007-06-29,3.0868,0.41
2007-07-02,3.1032,1.64
2007-07-03,3.1051,0.19
2007-07-04,3.1073,0.22
2007-07-05,3.1094,0.21
2007-07-06,3.1135,0.41
2007-07-09,3.1236,1.01
2007-07-10,3.1241,0.05
2007-07-11,3.1326,0.85
2007-07-12,3.1339,0.13
2007-07-13,3.1376,0.37
2007-07-16,3.1394,0.18
2007-07-17,3.1408,0.14
2007-07-18,3.1421,0.13
2007-07-19,3.1422,0.01
2007-07-20,3.1421,-0.01
2007-07-23,3.167,2.49
2007-07-24,3.1822,1.52
2007-07-25,3.1883,0.61
2007-07-26,3.1904,0.21
2007-07-27,3.1934,0.3
2007-07-30,3.1938,0.04
2007-07-31,3.1924,-0.14
2007-08-01,3.1948,0.24
2007-08-02,3.193,-0.18
2007-08-03,3.1941,0.11
2007-08-06,3.1944,0.03
2007-08-07,3.1934,-0.1
2007-08-08,3.1947,0.13
2007-08-09,3.1957,0.1
2007-08-10,3.1969,0.12
2007-08-13,3.1976,0.07
2007-08-14,3.1978,0.02
2007-08-15,3.1986,0.08
2007-08-16,3.1998,0.12
2007-08-17,3.2004,0.06
2007-08-20,3.201,0.06
2007-08-21,3.2013,0.03
2007-08-22,3.248,4.67
2007-08-23,3.2537,0.57
2007-08-24,3.2591,0.54
2007-08-27,3.2607,0.16
2007-08-28,3.2637,0.3
2007-08-29,3.2691,0.54
2007-08-30,3.2743,0.52
2007-08-31,3.2793,0.5
2007-09-03,3.2832,0.39
2007-09-04,3.2864,0.32
2007-09-05,3.2915,0.51
2007-09-06,3.3,0.85
2007-09-07,3.328,2.8
2007-09-10,3.3473,1.93
2007-09-11,3.3556,0.83
2007-09-12,3.3629,0.73
2007-09-13,3.3723,0.94
2007-09-14,3.3918,1.95
2007-09-17,3.4666,7.48
2007-09-18,3.5073,4.07
2007-09-19,3.5266,1.93
2007-09-20,3.6236,9.7
2007-09-21,3.7448,12.12
2007-09-24,3.8113,6.65
2007-09-25,3.8395,2.82
2007-09-26,3.8553,1.58
2007-09-27,3.8642,0.89
2007-09-28,3.8557,-0.85
2007-09-29,3.8588,0.31
2007-09-30,3.8534,-0.54
2007-10-08,3.8482,-0.52
2007-10-09,3.8508,0.26
2007-10-10,3.8567,0.59
2007-10-11,3.864,0.73
2007-10-12,3.8691,0.51
2007-10-15,3.8707,0.16
2007-10-16,3.8721,0.14
2007-10-17,3.8746,0.25
2007-10-18,3.8757,0.11
2007-10-19,3.8804,0.47
2007-10-22,3.8848,0.44
2007-10-23,3.902,1.72
2007-10-24,3.9231,2.11
2007-10-25,3.9504,2.73
2007-10-26,4.0045,5.41
2007-10-29,4.0081,0.36
2007-10-30,4.028,1.99
2007-10-31,4.0516,2.36
2007-11-01,4.076,2.44
2007-11-02,4.0907,1.47
2007-11-05,4.1192,2.85
2007-11-06,4.1374,1.82
2007-11-07,4.1691,3.17
2007-11-08,4.1988,2.97
2007-11-09,4.2165,1.77
2007-11-12,4.2275,1.1
2007-11-13,4.2554,2.79
2007-11-14,4.2796,2.42
2007-11-15,4.2943,1.47
2007-11-16,4.2993,0.5
2007-11-19,4.3013,0.2
2007-11-20,4.3158,1.45
2007-11-21,4.3227,0.69
2007-11-22,4.3236,0.09
2007-11-23,4.3403,1.67
2007-11-26,4.3464,0.61
2007-11-27,4.344,-0.24
2007-11-28,4.3554,1.14
2007-11-29,4.3579,0.25
2007-11-30,4.3535,-0.44
2007-12-03,4.3527,-0.08
2007-12-04,4.3515,-0.12
2007-12-05,4.3522,0.07
2007-12-06,4.3533,0.11
2007-12-07,4.3472,-0.61
2007-12-10,4.3467,-0.05
2007-12-11,4.3465,-0.02
2007-12-12,4.3485,0.2
2007-12-13,4.3484,-0.01
2007-12-14,4.3458,-0.26
2007-12-17,4.3473,0.15
2007-12-18,4.3548,0.75
2007-12-19,4.352,-0.28
2007-12-20,4.3574,0.54
2007-12-21,4.389,3.16
2007-12-24,4.3993,1.03
2007-12-25,4.4087,0.94
2007-12-26,4.4135,0.48
2007-12-27,4.4195,0.6
2007-12-28,4.4254,0.59
2007-12-29,4.4348,0.94
2008-01-02,4.4404,0.56
2008-01-03,4.4427,0.23
2008-01-04,4.4446,0.19
2008-01-07,4.4472,0.26
2008-01-08,4.4565,0.93
2008-01-09,4.4618,0.53
2008-01-10,4.4613,-0.05
2008-01-11,4.4671,0.58
2008-01-14,4.4692,0.21
2008-01-15,4.4764,0.72
2008-01-16,4.482,0.56
2008-01-17,4.4888,0.68
2008-01-18,4.4907,0.19
2008-01-21,4.4952,0.45
2008-01-22,4.4981,0.29
2008-01-23,4.5003,0.22
2008-01-24,4.5033,0.3
2008-01-25,4.5057,0.24
2008-01-28,4.5051,-0.06
2008-01-29,4.5044,-0.07
2008-01-30,4.5027,-0.17
2008-01-31,4.5052,0.25
2008-02-01,4.5062,0.1
2008-02-02,4.5032,-0.3
2008-02-03,4.5041,0.09
2008-02-04,4.5047,0.06
2008-02-05,4.5029,-0.18
2008-02-13,4.5048,0.19
2008-02-14,4.5033,-0.15
2008-02-15,4.5041,0.08
2008-02-18,4.5043,0.02
2008-02-19,4.5042,-0.01
2008-02-20,4.5047,0.05
2008-02-21,4.5037,-0.1
2008-02-22,4.5068,0.31
2008-02-25,4.5059,-0.09
2008-02-26,4.5054,-0.05
2008-02-27,4.5015,-0.39
2008-02-28,4.5013,-0.02
2008-02-29,4.5018,0.05
2008-03-03,4.5016,-0.02
2008-03-04,4.5018,0.02
2008-03-05,4.502,0.02
2008-03-06,4.4994,-0.26
2008-03-07,4.5001,0.07
2008-03-10,4.5012,0.11
2008-03-11,4.503,0.18
2008-03-12,4.5022,-0.08
2008-03-13,4.5012,-0.1
2008-03-14,4.5011,-0.01
2008-03-17,4.5011,0.0
2008-03-18,4.5003,-0.08
2008-03-19,4.5012,0.09
2008-03-20,4.5014,0.02
2008-03-21,4.5016,0.02
2008-03-24,4.5018,0.02
2008-03-25,4.4998,-0.2
2008-03-26,4.4994,-0.04
2008-03-27,4.4986,-0.08
2008-03-28,4.4986,0.0
2008-03-31,4.4982,-0.04
2008-04-01,4.4986,0.04
2008-04-02,4.4979,-0.07
2008-04-03,4.4963,-0.16
2008-04-07,4.4943,-0.2
2008-04-08,4.4957,0.14
2008-04-09,4.4951,-0.06
2008-04-10,4.4945,-0.06
2008-04-11,4.4956,0.11
2008-04-14,4.4963,0.07
2008-04-15,4.4973,0.1
2008-04-16,4.498,0.07
2008-04-17,4.4958,-0.22
2008-04-18,4.4945,-0.13
2008-04-21,4.4918,-0.27
2008-04-22,4.4916,-0.02
2008-04-23,4.4927,0.11
2008-04-24,4.4913,-0.14
2008-04-25,4.4904,-0.09
2008-04-28,4.4895,-0.09
2008-04-29,4.4897,0.02
2008-04-30,4.4904,0.07
2008-05-04,4.4906,0.02
2008-05-05,4.4912,0.06
2008-05-06,4.492,0.08
2008-05-07,4.4921,0.01
2008-05-08,4.493,0.09
2008-05-09,4.4933,0.03
2008-05-12,4.4947,0.14
2008-05-13,4.4947,0.0
2008-05-14,4.4939,-0.08
2008-05-15,4.4941,0.02
2008-05-16,4.4938,-0.03
2008-05-19,4.4932,-0.06
2008-05-20,4.4927,-0.05
2008-05-21,4.493,0.03
2008-05-22,4.4928,-0.02
2008-05-23,4.4942,0.14
2008-05-26,4.4911,-0.31
2008-05-27,4.4915,0.04
2008-05-28,4.4929,0.14
2008-05-29,4.4851,-0.78
2008-05-30,4.4804,-0.47
2008-06-02,4.4844,0.4
2008-06-03,4.4846,0.02
2008-06-04,4.4851,0.05
2008-06-05,4.4836,-0.15
2008-06-06,4.4857,0.21
2008-06-10,4.4864,0.07
2008-06-11,4.4837,-0.27
2008-06-12,4.4809,-0.28
2008-06-13,4.4608,-2.01
2008-06-16,4.465,0.42
2008-06-17,4.4655,0.05
2008-06-18,4.4701,0.46
2008-06-19,4.4729,0.28
2008-06-20,4.4751,0.22
2008-06-23,4.4786,0.35
2008-06-24,4.4771,-0.15
2008-06-25,4.4794,0.23
2008-06-26,4.4801,0.07
2008-06-27,4.4814,0.13
2008-06-30,4.4833,0.19
2008-07-01,4.4894,0.61
2008-07-02,4.4879,-0.15
2008-07-03,4.4867,-0.12
2008-07-04,4.4839,-0.28
2008-07-07,4.466,-1.79
2008-07-08,4.4569,-0.91
2008-07-09,4.4518,-0.51
2008-07-10,4.4468,-0.5
2008-07-11,4.4306,-1.62
2008-07-14,4.4274,-0.32
2008-07-15,4.4237,-0.37
2008-07-16,4.4185,-0.52
2008-07-17,4.417,-0.15
2008-07-18,4.4058,-1.12
2008-07-21,4.4027,-0.31
2008-07-22,4.3988,-0.39
2008-07-23,4.3867,-1.21
2008-07-24,4.3686,-1.81
2008-07-25,4.362,-0.66
2008-07-28,4.3393,-2.27
2008-07-29,4.3499,1.06
2008-07-30,4.3491,-0.08
2008-07-31,4.3473,-0.18
2008-08-01,4.3473,0.0
2008-08-04,4.3488,0.15
2008-08-05,4.3345,-1.43
2008-08-06,4.3342,-0.03
2008-08-07,4.3217,-1.25
2008-08-08,4.3152,-0.65
2008-08-11,4.3261,1.09
2008-08-12,4.3228,-0.33
2008-08-13,4.3187,-0.41
2008-08-14,4.3268,0.81
2008-08-15,4.3141,-1.27
2008-08-18,4.3153,0.12
2008-08-19,4.3242,0.89
2008-08-20,4.324,-0.02
2008-08-21,4.3241,0.01
2008-08-22,4.3249,0.08
2008-08-25,4.3178,-0.71
2008-08-26,4.3208,0.3
2008-08-27,4.3239,0.31
2008-08-28,4.3223,-0.16
2008-08-29,4.3246,0.23
2008-09-01,4.3214,-0.32
2008-09-02,4.3224,0.1
2008-09-03,4.3125,-0.99
2008-09-04,4.3138,0.13
2008-09-05,4.3106,-0.32
2008-09-08,4.3156,0.5
2008-09-09,4.3145,-0.11
2008-09-10,4.3213,0.68
2008-09-11,4.318,-0.33
2008-09-12,4.3216,0.36
2008-09-16,4.3039,-1.77
2008-09-17,4.2935,-1.04
2008-09-18,4.29,-0.35
2008-09-19,4.2964,0.64
2008-09-22,4.3012,0.48
2008-09-23,4.3059,0.47
2008-09-24,4.3072,0.13
2008-09-25,4.3086,0.14
2008-09-26,4.3065,-0.21
2008-09-27,4.3034,-0.31
2008-09-28,4.3047,0.13
2008-10-06,4.3042,-0.05
2008-10-07,4.3049,0.07
2008-10-08,4.3017,-0.32
2008-10-09,4.2721,-2.96
2008-10-10,4.2661,-0.6
2008-10-13,4.2554,-1.07
2008-10-14,4.2453,-1.01
2008-10-15,4.2339,-1.14
2008-10-16,4.2206,-1.33
2008-10-17,4.209,-1.16
2008-10-20,4.2077,-0.13
2008-10-21,4.2024,-0.53
2008-10-22,4.194,-0.84
2008-10-23,4.1842,-0.98
2008-10-24,4.1768,-0.74
2008-10-27,4.1666,-1.02
2008-10-28,4.148,-1.86
2008-10-29,4.1335,-1.45
2008-10-30,4.0941,-3.94
2008-10-31,4.0655,-2.86
2008-11-03,4.0359,-2.96
2008-11-04,4.0121,-2.38
2008-11-05,3.9902,-2.19
2008-11-06,3.9739,-1.63
2008-11-07,3.9598,-1.41
2008-11-10,3.9405,-1.93
2008-11-11,3.9081,-3.24
2008-11-12,3.8723,-3.58
2008-11-13,3.8439,-2.84
2008-11-14,3.8101,-3.38
2008-11-17,3.7725,-3.76
2008-11-18,3.7275,-4.5
2008-11-19,3.6873,-4.02
2008-11-20,3.6431,-4.42
2008-11-21,3.5982,-4.49
2008-11-24,3.5518,-4.64
2008-11-25,3.5146,-3.72
2008-11-26,3.4735,-4.11
2008-11-27,2.813,-66.05
2008-11-28,2.7534,-5.96
2008-12-01,2.7162,-3.72
2008-12-02,2.6862,-3.0
2008-12-03,2.6733,-1.29
2008-12-04,2.6516,-2.17
2008-12-05,2.6233,-2.83
2008-12-08,2.589,-3.43
2008-12-09,2.556,-3.3
2008-12-10,2.5198,-3.62
2008-12-11,2.4513,-6.85
2008-12-12,2.3861,-6.52
2008-12-15,2.3452,-4.09
2008-12-16,2.3159,-2.93
2008-12-17,2.2818,-3.41
2008-12-18,2.2469,-3.49
2008-12-19,2.2,-4.69
2008-12-22,2.1683,-3.17
2008-12-23,2.0653,-10.3
2008-12-24,1.9966,-6.87
2008-12-25,1.9461,-5.05
2008-12-26,1.9051,-4.1
2008-12-29,1.8551,-5.0
2008-12-30,1.8052,-4.99
2008-12-31,1.7782,-2.7
2009-01-04,1.7446,-3.36
2009-01-05,1.698,-4.66
2009-01-06,1.6516,-4.64
2009-01-07,1.6206,-3.1
2009-01-08,1.5899,-3.07
2009-01-09,1.5535,-3.64
2009-01-12,1.5241,-2.94
2009-01-13,1.4985,-2.56
2009-01-14,1.482,-1.65
2009-01-15,1.4679,-1.41
2009-01-16,1.449,-1.89
2009-01-19,1.4328,-1.62
2009-01-20,1.4231,-0.97
2009-01-21,1.4066,-1.65
2009-01-22,1.3997,-0.69
2009-01-23,1.3852,-1.45
2009-01-24,1.3809,-0.43
2009-02-01,1.3656,-1.53
2009-02-02,1.3472,-1.84
2009-02-03,1.3438,-0.34
2009-02-04,1.3399,-0.39
2009-02-05,1.3331,-0.68
2009-02-06,1.3278,-0.53
2009-02-09,1.3239,-0.39
2009-02-10,1.315,-0.89
2009-02-11,1.3087,-0.63
2009-02-12,1.3038,-0.49
2009-02-13,1.2995,-0.43
2009-02-16,1.2948,-0.47
2009-02-17,1.2916,-0.32
2009-02-18,1.2867,-0.49
2009-02-19,1.2845,-0.22
2009-02-20,1.2829,-0.16
2009-02-23,1.2846,0.17
2009-02-24,1.2807,-0.39
2009-02-25,1.2793,-0.14
2009-02-26,1.2779,-0.14
2009-02-27,1.2748,-0.31
2009-03-02,1.2716,-0.32
2009-03-03,1.2716,0.0
2009-03-04,1.2714,-0.02
2009-03-05,1.2688,-0.26
2009-03-06,1.2659,-0.29
2009-03-09,1.2652,-0.07
2009-03-10,1.2613,-0.39
2009-03-11,1.2563,-0.5
2009-03-12,1.2538,-0.25
2009-03-13,1.2522,-0.16
2009-03-16,1.2488,-0.34
2009-03-17,1.2469,-0.19
2009-03-18,1.2445,-0.24
2009-03-19,1.2443,-0.02
2009-03-20,1.2415,-0.28
2009-03-23,1.2391,-0.24
2009-03-24,1.2364,-0.27
2009-03-25,1.2341,-0.23
2009-03-26,1.2318,-0.23
2009-03-27,1.2293,-0.25
2009-03-30,1.2275,-0.18
2009-03-31,1.2241,-0.34
2009-04-01,1.2232,-0.09
2009-04-02,1.2228,-0.04
2009-04-03,1.2214,-0.14
2009-04-07,1.2191,-0.23
2009-04-08,1.2177,-0.14
2009-04-09,1.2153,-0.24
2009-04-10,1.2144,-0.09
2009-04-13,1.2133,-0.11
2009-04-14,1.2129,-0.04
2009-04-15,1.2121,-0.08
2009-04-16,1.2113,-0.08
2009-04-17,1.211,-0.03
2009-04-20,1.2101,-0.09
2009-04-21,1.2115,0.14
2009-04-22,1.2133,0.18
2009-04-23,1.213,-0.03
2009-04-24,1.2137,0.07
2009-04-27,1.214,0.03
2009-04-28,1.2133,-0.07
2009-04-29,1.2141,0.08
2009-04-30,1.2144,0.03
2009-05-04,1.2152,0.08
2009-05-05,1.2153,0.01
2009-05-06,1.2141,-0.12
2009-05-07,1.2128,-0.13
2009-05-08,1.2117,-0.11
2009-05-11,1.2107,-0.1
2009-05-12,1.2096,-0.11
2009-05-13,1.2086,-0.1
2009-05-14,1.2068,-0.18
2009-05-15,1.2044,-0.24
2009-05-18,1.2044,0.0
2009-05-19,1.2055,0.11
2009-05-20,1.2062,0.07
2009-05-21,1.2059,-0.03
2009-05-22,1.2065,0.06
2009-05-25,1.2151,0.86
2009-05-26,1.2181,0.3
2009-05-27,1.2217,0.36
2009-05-31,1.2226,0.09
2009-06-01,1.2248,0.22
2009-06-02,1.225,0.02
2009-06-03,1.2249,-0.01
2009-06-04,1.2258,0.09
2009-06-05,1.2274,0.16
2009-06-08,1.2269,-0.05
2009-06-09,1.2243,-0.26
2009-06-10,1.2261,0.18
2009-06-11,1.2272,0.11
2009-06-12,1.2303,0.31
2009-06-15,1.2323,0.2
2009-06-16,1.2341,0.18
2009-06-17,1.2345,0.04
2009-06-18,1.2371,0.26
2009-06-19,1.258,2.09
2009-06-22,1.2748,1.68
2009-06-23,1.2825,0.77
2009-06-24,1.2908,0.83
2009-06-25,1.2925,0.17
2009-06-26,1.2978,0.53
2009-06-29,1.3068,0.9
2009-06-30,1.3179,1.11
2009-07-01,1.3215,0.36
2009-07-02,1.323,0.15
2009-07-03,1.3263,0.33
2009-07-06,1.3298,0.35
2009-07-07,1.3361,0.63
2009-07-08,1.3428,0.67
2009-07-09,1.3681,2.53
2009-07-10,1.3836,1.55
2009-07-13,1.4037,2.01
2009-07-14,1.4112,0.75
2009-07-15,1.4245,1.33
2009-07-16,1.4429,1.84
2009-07-17,1.4757,3.28
2009-07-20,1.5107,3.5
2009-07-21,1.5667,5.6
2009-07-22,1.5898,2.31
2009-07-23,1.6051,1.53
2009-07-24,1.6137,0.86
2009-07-27,1.6269,1.32
2009-07-28,1.6414,1.45
2009-07-29,1.6523,1.09
2009-07-30,1.663,1.07
2009-07-31,1.6713,0.83
2009-08-03,1.6815,1.02
2009-08-04,1.6894,0.79
2009-08-05,1.695,0.56
2009-08-06,1.7054,1.04
2009-08-07,1.7135,0.81
2009-08-10,1.7206,0.71
2009-08-11,1.7279,0.73
2009-08-12,1.7285,0.06
2009-08-13,1.7319,0.34
2009-08-14,1.7336,0.17
2009-08-17,1.7371,0.35
2009-08-18,1.7391,0.2
2009-08-19,1.7391,0.0
2009-08-20,1.7366,-0.25
2009-08-21,1.7335,-0.31
2009-08-24,1.7324,-0.11
2009-08-25,1.7316,-0.08
2009-08-26,1.7334,0.18
2009-08-27,1.7333,-0.01
2009-08-28,1.7327,-0.06
2009-08-31,1.7334,0.07
2009-09-01,1.7358,0.24
2009-09-02,1.7385,0.27
2009-09-03,1.7404,0.19
2009-09-04,1.742,0.16
2009-09-07,1.7433,0.13
2009-09-08,1.7439,0.06
2009-09-09,1.7441,0.02
2009-09-10,1.745,0.09
2009-09-11,1.7449,-0.01
2009-09-14,1.7458,0.09
2009-09-15,1.7483,0.25
2009-09-16,1.7501,0.18
2009-09-17,1.7523,0.22
2009-09-18,1.7539,0.16
2009-09-21,1.756,0.21
2009-09-22,1.7574,0.14
2009-09-23,1.7597,0.23
2009-09-24,1.7616,0.19
2009-09-25,1.7635,0.19
2009-09-27,1.7639,0.04
2009-09-28,1.7639,0.0
2009-09-29,1.7657,0.18
2009-09-30,1.7687,0.3
2009-10-09,1.7703,0.16
2009-10-10,1.7712,0.09
2009-10-12,1.7716,0.04
2009-10-13,1.7725,0.09
2009-10-14,1.7729,0.04
2009-10-15,1.7743,0.14
2009-10-16,1.7762,0.19
2009-10-19,1.7794,0.32
2009-10-20,1.7812,0.18
2009-10-21,1.7818,0.06
2009-10-22,1.7812,-0.06
2009-10-23,1.7821,0.09
2009-10-26,1.784,0.19
2009-10-27,1.7861,0.21
2009-10-28,1.7883,0.22
2009-10-29,1.7884,0.01
2009-10-30,1.7894,0.1
2009-11-02,1.7911,0.17
2009-11-03,1.792,0.09
2009-11-04,1.7927,0.07
2009-11-05,1.7933,0.06
2009-11-06,1.794,0.07
2009-11-09,1.7955,0.15
2009-11-10,1.7971,0.16
2009-11-11,1.7968,-0.03
2009-11-12,1.7967,-0.01
2009-11-13,1.7957,-0.1
2009-11-16,1.7977,0.2
2009-11-17,1.798,0.03
2009-11-18,1.7985,0.05
2009-11-19,1.8007,0.22
2009-11-20,1.8021,0.14
2009-11-23,1.8036,0.15
2009-11-24,1.804,0.04
2009-11-25,1.8044,0.04
2009-11-26,1.8031,-0.13
2009-11-27,1.8047,0.16
2009-11-30,1.8064,0.17
2009-12-01,1.8082,0.18
2009-12-02,1.8085,0.03
2009-12-03,1.8092,0.07
2009-12-04,1.8102,0.1
2009-12-07,1.8102,0.0
2009-12-08,1.8114,0.12
2009-12-09,1.812,0.06
2009-12-10,1.8137,0.17
2009-12-11,1.8152,0.15
2009-12-14,1.8157,0.05
2009-12-15,1.8171,0.14
2009-12-16,1.8183,0.12
2009-12-17,1.8189,0.06
2009-12-18,1.8193,0.04
2009-12-21,1.8194,0.01
2009-12-22,1.8215,0.21
2009-12-23,1.8264,0.49
2009-12-24,1.8292,0.28
2009-12-25,1.8284,-0.08
2009-12-28,1.8305,0.21
2009-12-29,1.8318,0.13
2009-12-30,1.8324,0.06
2009-12-31,1.8319,-0.05
2010-01-04,1.8312,-0.07
2010-01-05,1.8298,-0.14
2010-01-06,1.8288,-0.1
2010-01-07,1.8321,0.33
2010-01-08,1.8369,0.48
2010-01-11,1.8403,0.34
2010-01-12,1.8439,0.36
2010-01-13,1.8522,0.83
2010-01-14,1.8584,0.62
2010-01-15,1.8649,0.65
2010-01-18,1.8674,0.25
2010-01-19,1.8723,0.49
2010-01-20,1.875,0.27
2010-01-21,1.8819,0.69
2010-01-22,1.8866,0.47
2010-01-25,1.889,0.24
2010-01-26,1.893,0.4
2010-01-27,1.8963,0.33
2010-01-28,1.9017,0.54
2010-01-29,1.9048,0.31
2010-02-01,1.9074,0.26
2010-02-02,1.9074,0.0
2010-02-03,1.9081,0.07
2010-02-04,1.9061,-0.2
2010-02-05,1.9051,-0.1
2010-02-08,1.9055,0.04
2010-02-09,1.9128,0.73
2010-02-10,1.9203,0.75
2010-02-11,1.9305,1.02
2010-02-12,1.928,-0.25
2010-02-20,1.9327,0.47
2010-02-21,1.9375,0.48
2010-02-22,1.9365,-0.1
2010-02-23,1.9351,-0.14
2010-02-24,1.9394,0.43
2010-02-25,1.9421,0.27
2010-02-26,1.9443,0.22
2010-03-01,1.9436,-0.07
2010-03-02,1.9467,0.31
2010-03-03,1.9455,-0.12
2010-03-04,1.9465,0.1
2010-03-05,1.9461,-0.04
2010-03-08,1.9433,-0.28
2010-03-09,1.9453,0.2
2010-03-10,1.9436,-0.17
2010-03-11,1.9419,-0.17
2010-03-12,1.9416,-0.03
2010-03-15,1.9407,-0.09
2010-03-16,1.9405,-0.02
2010-03-17,1.9406,0.01
2010-03-18,1.943,0.24
2010-03-19,1.942,-0.1
2010-03-22,1.941,-0.1
2010-03-23,1.9413,0.03
2010-03-24,1.9415,0.02
2010-03-25,1.9408,-0.07
2010-03-26,1.9405,-0.03
2010-03-29,1.943,0.25
2010-03-30,1.9408,-0.22
2010-03-31,1.9419,0.11
2010-04-01,1.9394,-0.25
2010-04-02,1.9378,-0.16
2010-04-06,1.9395,0.17
2010-04-07,1.9409,0.14
2010-04-08,1.9401,-0.08
2010-04-09,1.9388,-0.13
2010-04-12,1.9392,0.04
2010-04-13,1.9396,0.04
2010-04-14,1.9392,-0.04
2010-04-15,1.94,0.08
2010-04-16,1.9418,0.18
2010-04-19,1.9413,-0.05
2010-04-20,1.9412,-0.01
2010-04-21,1.942,0.08
2010-04-22,1.938,-0.4
2010-04-23,1.9384,0.04
2010-04-26,1.9376,-0.08
2010-04-27,1.9373,-0.03
2010-04-28,1.9364,-0.09
2010-04-29,1.9394,0.3
2010-04-30,1.9398,0.04
2010-05-04,1.941,0.12
2010-05-05,1.9433,0.23
2010-05-06,1.9465,0.32
2010-05-07,1.9479,0.14
2010-05-10,1.9489,0.1
2010-05-11,1.9478,-0.11
2010-05-12,1.9459,-0.19
2010-05-13,1.9459,0.0
2010-05-14,1.9464,0.05
2010-05-17,1.9477,0.13
2010-05-18,1.9513,0.36
2010-05-19,1.9497,-0.16
2010-05-20,1.95,0.03
2010-05-21,1.9542,0.42
2010-05-24,1.9658,1.16
2010-05-25,1.9923,2.65
2010-05-26,2.0389,4.66
2010-05-27,2.0677,2.88
2010-05-28,2.0925,2.48
2010-05-31,2.1201,2.76
2010-06-01,2.1885,6.84
2010-06-02,2.224,3.55
2010-06-03,2.2584,3.44
2010-06-04,2.2536,-0.48
2010-06-07,2.252,-0.16
2010-06-08,2.2669,1.49
2010-06-09,2.2803,1.34
2010-06-10,2.2994,1.91
2010-06-11,2.3128,1.34
2010-06-12,2.3327,1.99
2010-06-13,2.357,2.43
2010-06-17,2.3716,1.46
2010-06-18,2.4137,4.21
2010-06-21,2.4621,4.84
2010-06-22,2.5215,5.94
2010-06-23,2.5622,4.07
2010-06-24,2.6033,4.11
2010-06-25,2.6259,2.26
2010-06-28,2.6288,0.29
2010-06-29,2.638,0.92
2010-06-30,2.6308,-0.72
2010-07-01,2.6261,-0.47
2010-07-02,2.621,-0.51
2010-07-05,2.6126,-0.84
2010-07-06,2.6149,0.23
2010-07-07,2.6069,-0.8
2010-07-08,2.5978,-0.91
2010-07-09,2.5944,-0.34
2010-07-12,2.5978,0.34
2010-07-13,2.5953,-0.25
2010-07-14,2.5905,-0.48
2010-07-15,2.5849,-0.56
2010-07-16,2.5814,-0.35
2010-07-19,2.5709,-1.05
2010-07-20,2.5692,-0.17
2010-07-21,2.5483,-2.09
2010-07-22,2.5298,-1.85
2010-07-23,2.5165,-1.33
2010-07-26,2.5039,-1.26
2010-07-27,2.4768,-2.71
2010-07-28,2.4647,-1.21
2010-07-29,2.4609,-0.38
2010-07-30,2.4475,-1.34
2010-08-02,2.4468,-0.07
2010-08-03,2.4447,-0.21
2010-08-04,2.443,-0.17
2010-08-05,2.4473,0.43
2010-08-06,2.4528,0.55
2010-08-09,2.4557,0.29
2010-08-10,2.4625,0.68
2010-08-11,2.4674,0.49
2010-08-12,2.4646,-0.28
2010-08-13,2.4651,0.05
2010-08-16,2.4663,0.12
2010-08-17,2.4687,0.24
2010-08-18,2.4671,-0.16
2010-08-19,2.4673,0.02
2010-08-20,2.4672,-0.01
2010-08-23,2.4654,-0.18
2010-08-24,2.4686,0.32
2010-08-25,2.4688,0.02
2010-08-26,2.4723,0.35
2010-08-27,2.4896,1.73
2010-08-30,2.5035,1.39
2010-08-31,2.512,0.85
2010-09-01,2.5151,0.31
2010-09-02,2.5127,-0.24
2010-09-03,2.5144,0.17
2010-09-06,2.5286,1.42
2010-09-07,2.5319,0.33
2010-09-08,2.5358,0.39
2010-09-09,2.538,0.22
2010-09-10,2.5388,0.08
2010-09-13,2.5418,0.3
2010-09-14,2.5512,0.94
2010-09-15,2.5608,0.96
2010-09-16,2.5657,0.49
2010-09-17,2.5677,0.2
2010-09-19,2.5644,-0.33
2010-09-20,2.5689,0.45
2010-09-21,2.5732,0.43
2010-09-25,2.5749,0.17
2010-09-26,2.5863,1.14
2010-09-27,2.5972,1.09
2010-09-28,2.6046,0.74
2010-09-29,2.6092,0.46
2010-09-30,2.6113,0.21
2010-10-08,2.6164,0.51
2010-10-09,2.6169,0.05
2010-10-11,2.6215,0.46
2010-10-12,2.6362,1.47
2010-10-13,2.6406,0.44
2010-10-14,2.6442,0.36
2010-10-15,2.6506,0.64
2010-10-18,2.6528,0.22
2010-10-19,2.6533,0.05
2010-10-20,2.7331,7.98
2010-10-21,2.7643,3.12
2010-10-22,2.7893,2.5
2010-10-25,2.8034,1.41
2010-10-26,2.8115,0.81
2010-10-27,2.8165,0.5
2010-10-28,2.8265,1.0
2010-10-29,2.8302,0.37
2010-11-01,2.8344,0.42
2010-11-02,2.8391,0.47
2010-11-03,2.8412,0.21
2010-11-04,2.8448,0.36
2010-11-05,2.8452,0.04
2010-11-08,2.847,0.18
2010-11-09,2.8575,1.05
2010-11-10,2.865,0.75
2010-11-11,2.8727,0.77
2010-11-12,2.8817,0.9
2010-11-15,2.887,0.53
2010-11-16,2.8907,0.37
2010-11-17,2.8922,0.15
2010-11-18,2.8956,0.34
2010-11-19,2.8996,0.4
2010-11-22,2.9174,1.78
2010-11-23,2.9688,5.14
2010-11-24,3.0127,4.39
2010-11-25,3.0707,5.8
2010-11-26,3.1367,6.6
2010-11-29,3.1925,5.58
2010-11-30,3.2498,5.73
2010-12-01,3.2865,3.67
2010-12-02,3.3274,4.09
2010-12-03,3.3453,1.79
2010-12-06,3.374,2.87
2010-12-07,3.394,2.0
2010-12-08,3.42,2.6
2010-12-09,3.5292,10.92
2010-12-10,3.632,10.28
2010-12-13,3.666,3.4
2010-12-14,3.7205,5.45
2010-12-15,3.8158,9.53
2010-12-16,3.8548,3.9
2010-12-17,3.8842,2.94
2010-12-20,3.9181,3.39
2010-12-21,3.9496,3.15
2010-12-22,4.113,16.34
2010-12-23,4.179,6.6
2010-12-24,4.3264,14.74
2010-12-27,4.5641,23.77
2010-12-28,4.6021,3.8
2010-12-29,4.6236,2.15
2010-12-30,4.6216,-0.2
2010-12-31,4.6234,0.18
2011-01-04,4.5583,-6.51
2011-01-05,4.522,-3.63
2011-01-06,4.4648,-5.72
2011-01-07,4.4184,-4.64
2011-01-10,4.3408,-7.76
2011-01-11,4.2643,-7.65
2011-01-12,4.1951,-6.92
2011-01-13,4.172,-2.31
2011-01-14,4.1398,-3.22
2011-01-17,4.1383,-0.15
2011-01-18,4.1671,2.88
2011-01-19,4.3572,19.01
2011-01-20,4.6839,32.67
2011-01-21,4.9322,24.83
2011-01-24,5.0497,11.75
2011-01-25,5.2502,20.05
2011-01-26,5.4415,19.13
2011-01-27,5.5597,11.82
2011-01-28,5.6207,6.1
2011-01-30,5.7059,8.52
2011-01-31,5.7464,4.05
2011-02-01,5.6437,-10.27
2011-02-09,5.7299,8.62
2011-02-10,5.6362,-9.37
2011-02-11,5.4415,-19.47
2011-02-12,5.1854,-25.61
2011-02-14,5.0048,-18.06
2011-02-15,4.825,-17.98
2011-02-16,4.765,-6.0
2011-02-17,4.7215,-4.35
2011-02-18,4.7145,-0.7
2011-02-21,4.8776,16.31
2011-02-22,4.9333,5.57
2011-02-23,4.9357,0.24
2011-02-24,4.9197,-1.6
2011-02-25,4.925,0.53
2011-02-28,4.9107,-1.43
2011-03-01,4.8281,-8.26
2011-03-02,4.6752,-15.29
2011-03-03,4.5258,-14.94
2011-03-04,4.4645,-6.13
2011-03-07,4.4015,-6.3
2011-03-08,4.3203,-8.12
2011-03-09,4.2237,-9.66
2011-03-10,4.1944,-2.93
2011-03-11,4.1845,-0.99
2011-03-14,4.1903,0.58
2011-03-15,4.2129,2.26
2011-03-16,4.2207,0.78
2011-03-17,4.2401,1.94
2011-03-18,4.2461,0.6
2011-03-21,4.2684,2.23
2011-03-22,4.2684,0.0
2011-03-23,4.2654,-0.3
2011-03-24,4.2517,-1.37
2011-03-25,4.2388,-1.29
2011-03-28,4.2072,-3.16
2011-03-29,4.1666,-4.06
2011-03-30,4.1656,-0.1
2011-03-31,4.169,0.34
2011-04-01,4.1788,0.98
2011-04-02,4.1765,-0.23
2011-04-06,4.2293,5.28
2011-04-07,4.2491,1.98
2011-04-08,4.2531,0.4
2011-04-11,4.2522,-0.09
2011-04-12,4.248,-0.42
2011-04-13,4.2463,-0.17
2011-04-14,4.2387,-0.76
2011-04-15,4.2373,-0.14
2011-04-18,4.2671,2.98
2011-04-19,4.288,2.09
2011-04-20,4.3058,1.78
2011-04-21,4.3449,3.91
2011-04-22,4.3771,3.22
2011-04-25,4.4797,10.26
2011-04-26,4.5218,4.21
2011-04-27,4.5315,0.97
2011-04-28,4.5339,0.24
2011-04-29,4.5387,0.48
2011-05-03,4.539,0.03
2011-05-04,4.5165,-2.25
2011-05-05,4.5209,0.44
2011-05-06,4.5083,-1.26
2011-05-09,4.5101,0.18
2011-05-10,4.4986,-1.15
2011-05-11,4.4944,-0.42
2011-05-12,4.4909,-0.35
2011-05-13,4.5138,2.29
2011-05-16,4.5257,1.19
2011-05-17,4.5455,1.98
2011-05-18,4.5622,1.67
2011-05-19,4.5603,-0.19
2011-05-20,4.5625,0.22
2011-05-23,4.5682,0.57
2011-05-24,4.5933,2.51
2011-05-25,4.6263,3.3
2011-05-26,4.644,1.77
2011-05-27,4.642,-0.2
2011-05-30,4.6003,-4.17
2011-05-31,4.6059,0.56
2011-06-01,4.6121,0.62
2011-06-02,4.6002,-1.19
2011-06-03,4.5925,-0.77
2011-06-07,4.5981,0.56
2011-06-08,4.6543,5.62
2011-06-09,4.7502,9.59
2011-06-10,4.7705,2.03
2011-06-13,4.8743,10.38
2011-06-14,4.9232,4.89
2011-06-15,5.2788,35.56
2011-06-16,5.5884,30.96
2011-06-17,5.6733,8.49
2011-06-20,5.7433,7.0
2011-06-21,5.8421,9.88
2011-06-22,6.0594,21.73
2011-06-23,6.383,32.36
2011-06-24,6.3893,0.63
2011-06-27,6.4302,4.09
2011-06-28,6.4611,3.09
2011-06-29,6.4571,-0.4
2011-06-30,6.3917,-6.54
2011-07-01,6.3867,-0.5
2011-07-04,6.3579,-2.88
2011-07-05,6.3481,-0.98
2011-07-06,6.3333,-1.48
2011-07-07,6.3302,-0.31
2011-07-08,6.3057,-2.45
2011-07-11,6.2398,-6.59
2011-07-12,6.1912,-4.86
2011-07-13,6.1102,-8.1
2011-07-14,6.0853,-2.49
2011-07-15,6.0216,-6.37
2011-07-18,5.9927,-2.89
2011-07-19,5.981,-1.17
2011-07-20,5.9694,-1.16
2011-07-21,5.956,-1.34
2011-07-22,5.9688,1.28
2011-07-25,6.0383,6.95
2011-07-26,6.0283,-1.0
2011-07-27,6.0198,-0.85
2011-07-28,6.0002,-1.96
2011-07-29,5.9993,-0.09
2011-08-01,5.9712,-2.81
2011-08-02,5.9085,-6.27
2011-08-03,5.8897,-1.88
2011-08-04,5.8493,-4.04
2011-08-05,5.8066,-4.27
2011-08-08,5.7463,-6.03
2011-08-09,5.6908,-5.55
2011-08-10,5.649,-4.18
2011-08-11,5.5883,-6.07
2011-08-12,5.5257,-6.26
2011-08-15,5.4929,-3.28
2011-08-16,5.4602,-3.27
2011-08-17,5.4443,-1.59
2011-08-18,5.4328,-1.15
2011-08-19,5.4328,0.0
2011-08-22,5.4273,-0.55
2011-08-23,5.4246,-0.27
2011-08-24,5.4049,-1.97
2011-08-25,5.3848,-2.01
2011-08-26,5.3546,-3.02
2011-08-29,5.4867,13.21
2011-08-30,5.5113,2.46
2011-08-31,5.5444,3.31
2011-09-01,5.5774,3.3
2011-09-02,5.5753,-0.21
2011-09-05,5.6079,3.26
2011-09-06,5.611,0.31
2011-09-07,5.6509,3.99
2011-09-08,5.6554,0.45
2011-09-09,5.6513,-0.41
2011-09-13,5.6272,-2.41
2011-09-14,5.6304,0.32
2011-09-15,5.6209,-0.95
2011-09-16,5.6167,-0.42
2011-09-19,5.6138,-0.29
2011-09-20,5.6216,0.78
2011-09-21,5.6393,1.77
2011-09-22,5.6289,-1.04
2011-09-23,5.6328,0.39
2011-09-26,5.6195,-1.33
2011-09-27,5.6269,0.74
2011-09-28,5.6391,1.22
2011-09-29,5.6399,0.08
2011-09-30,5.6466,0.67
2011-10-08,5.6421,-0.45
2011-10-09,5.6412,-0.09
2011-10-10,5.648,0.68
2011-10-11,5.6503,0.23
2011-10-12,5.6343,-1.6
2011-10-13,5.632,-0.23
2011-10-14,5.6343,0.23
2011-10-17,5.6404,0.61
2011-10-18,5.6235,-1.69
2011-10-19,5.6179,-0.56
2011-10-20,5.604,-1.39
2011-10-21,5.617,1.3
2011-10-24,5.6136,-0.34
2011-10-25,5.6363,2.27
2011-10-26,5.6354,-0.09
2011-10-27,5.6522,1.68
2011-10-28,5.6643,1.21
2011-10-31,5.7048,4.05
2011-11-01,5.7693,6.45
2011-11-02,5.7033,-6.6
2011-11-03,5.7017,-0.16
2011-11-04,5.7043,0.26
2011-11-07,5.7221,1.78
2011-11-08,5.71,-1.21
2011-11-09,5.7046,-0.54
2011-11-10,5.6842,-2.04
2011-11-11,5.6542,-3.0
2011-11-14,5.6617,0.75
2011-11-15,5.6608,-0.09
2011-11-16,5.6558,-0.5
2011-11-17,5.6575,0.17
2011-11-18,5.655,-0.25
2011-11-21,5.665,1.0
2011-11-22,5.6707,0.57
2011-11-23,5.6692,-0.15
2011-11-24,5.6673,-0.19
2011-11-25,5.6673,0.0
2011-11-28,5.6514,-1.59
2011-11-29,5.6696,1.82
2011-11-30,5.6654,-0.42
2011-12-01,5.6054,-6.0
2011-12-02,5.5433,-6.21
2011-12-05,5.53,-1.33
2011-12-06,5.5183,-1.17
2011-12-07,5.4842,-3.41
2011-12-08,5.4711,-1.31
2011-12-09,5.4682,-0.29
2011-12-12,5.4607,-0.75
2011-12-13,5.4511,-0.96
2011-12-14,5.4459,-0.52
2011-12-15,5.4471,0.12
2011-12-16,5.4506,0.35
2011-12-19,5.4505,-0.01
2011-12-20,5.4563,0.58
2011-12-21,5.4484,-0.79
2011-12-22,5.456,0.76
2011-12-23,5.4612,0.52
2011-12-26,5.4572,-0.4
2011-12-27,5.4686,1.14
2011-12-28,5.4757,0.71
2011-12-29,5.4742,-0.15
2011-12-30,5.4749,0.07
2011-12-31,5.4691,-0.58
2012-01-04,5.4655,-0.36
2012-01-05,5.4615,-0.4
2012-01-06,5.46,-0.15
2012-01-09,5.4602,0.02
2012-01-10,5.4616,0.14
2012-01-11,5.442,-1.96
2012-01-12,5.4498,0.78
2012-01-13,5.457,0.72
2012-01-16,5.4844,2.74
2012-01-17,5.5147,3.03
2012-01-18,5.5883,7.36
2012-01-19,5.5498,-3.85
2012-01-20,5.5071,-4.27
2012-01-21,5.4815,-2.56
2012-01-29,5.4742,-0.73
2012-01-30,5.4705,-0.37
2012-01-31,5.4668,-0.37
2012-02-01,5.4586,-0.82
2012-02-02,5.4515,-0.71
2012-02-03,5.4391,-1.24
2012-02-06,5.431,-0.81
2012-02-07,5.3811,-4.99
2012-02-08,5.3611,-2.0
2012-02-09,5.3313,-2.98
2012-02-10,5.3142,-1.71
2012-02-13,5.2982,-1.6
2012-02-14,5.284,-1.42
2012-02-15,5.2774,-0.66
2012-02-16,5.284,0.66
2012-02-17,5.3061,2.21
2012-02-20,5.3148,0.87
2012-02-21,5.306,-0.88
2012-02-22,5.3055,-0.05
2012-02-23,5.3044,-0.11
2012-02-24,5.3043,-0.01
2012-02-27,5.2974,-0.69
2012-02-28,5.2828,-1.46
2012-02-29,5.2775,-0.53
2012-03-01,5.2665,-1.1
2012-03-02,5.2506,-1.59
2012-03-05,5.2383,-1.23
2012-03-06,5.2158,-2.25
2012-03-07,5.1689,-4.69
2012-03-08,5.1397,-2.92
2012-03-09,5.1081,-3.16
2012-03-12,5.0835,-2.46
2012-03-13,5.0629,-2.06
2012-03-14,5.0461,-1.68
2012-03-15,5.0195,-2.66
2012-03-16,4.9999,-1.96
2012-03-19,4.9818,-1.81
2012-03-20,4.967,-1.48
2012-03-21,4.9643,-0.27
2012-03-22,4.95,-1.43
2012-03-23,4.9515,0.15
2012-03-26,4.9446,-0.69
2012-03-27,4.9474,0.28
2012-03-28,4.9282,-1.92
2012-03-29,4.9114,-1.68
2012-03-30,4.9024,-0.9
2012-03-31,4.8832,-1.92
2012-04-01,4.883,-0.02
2012-04-05,4.8775,-0.55
2012-04-06,4.876,-0.15
2012-04-09,4.8659,-1.01
2012-04-10,4.8543,-1.16
2012-04-11,4.8446,-0.97
2012-04-12,4.8399,-0.47
2012-04-13,4.8368,-0.31
2012-04-16,4.8355,-0.13
2012-04-17,4.8194,-1.61
2012-04-18,4.7934,-2.6
2012-04-19,4.7768,-1.66
2012-04-20,4.7658,-1.1
2012-04-23,4.745,-2.08
2012-04-24,4.7363,-0.87
2012-04-25,4.724,-1.23
2012-04-26,4.7165,-0.75
2012-04-27,4.7113,-0.52
2012-04-28,4.7037,-0.76
2012-05-02,4.6985,-0.52
2012-05-03,4.6919,-0.66
2012-05-04,4.6844,-0.75
2012-05-07,4.6728,-1.16
2012-05-08,4.6628,-1.0
2012-05-09,4.6479,-1.49
2012-05-10,4.6298,-1.81
2012-05-11,4.6178,-1.2
2012-05-14,4.5584,-5.94
2012-05-15,4.5223,-3.61
2012-05-16,4.4876,-3.47
2012-05-17,4.4612,-2.64
2012-05-18,4.4331,-2.81
2012-05-21,4.405,-2.81
2012-05-22,4.3754,-2.96
2012-05-23,4.3333,-4.21
2012-05-24,4.3048,-2.85
2012-05-25,4.27,-3.48
2012-05-28,4.25,-2.0
2012-05-29,4.232,-1.8
2012-05-30,4.2213,-1.07
2012-05-31,4.2068,-1.45
2012-06-01,4.1968,-1.0
2012-06-04,4.1921,-0.47
2012-06-05,4.1818,-1.03
2012-06-06,4.1766,-0.52
2012-06-07,4.1701,-0.65
2012-06-08,4.1163,-5.38
2012-06-11,4.0972,-1.91
2012-06-12,4.0835,-1.37
2012-06-13,4.0649,-1.86
2012-06-14,4.0523,-1.26
2012-06-15,4.0419,-1.04
2012-06-18,4.0343,-0.76
2012-06-19,4.0247,-0.96
2012-06-20,4.0402,1.55
2012-06-21,4.0517,1.15
2012-06-25,4.1036,5.19
2012-06-26,4.1132,0.96
2012-06-27,4.1093,-0.39
2012-06-28,4.0844,-2.49
2012-06-29,4.0778,-0.66
2012-07-02,4.0732,-0.46
2012-07-03,4.0674,-0.58
2012-07-04,4.055,-1.24
2012-07-05,4.0479,-0.71
2012-07-06,4.0092,-3.87
2012-07-09,3.9841,-2.51
2012-07-10,3.9544,-2.97
2012-07-11,3.9225,-3.19
2012-07-12,3.8791,-4.34
2012-07-13,3.8374,-4.17
2012-07-16,3.8071,-3.03
2012-07-17,3.7932,-1.39
2012-07-18,3.7859,-0.73
2012-07-19,3.7834,-0.25
2012-07-20,3.7801,-0.33
2012-07-23,3.7777,-0.24
2012-07-24,3.7669,-1.08
2012-07-25,3.7737,0.68
2012-07-26,3.7689,-0.48
2012-07-27,3.7593,-0.96
2012-07-30,3.7466,-1.27
2012-07-31,3.7371,-0.95
2012-08-01,3.7289,-0.82
2012-08-02,3.7197,-0.92
2012-08-03,3.6864,-3.33
2012-08-06,3.674,-1.24
2012-08-07,3.6587,-1.53
2012-08-08,3.6393,-1.94
2012-08-09,3.6099,-2.94
2012-08-10,3.5893,-2.06
2012-08-13,3.5793,-1.0
2012-08-14,3.5823,0.3
2012-08-15,3.5892,0.69
2012-08-16,3.5994,1.02
2012-08-17,3.6113,1.19
2012-08-20,3.6263,1.5
2012-08-21,3.6508,2.45
2012-08-22,3.6533,0.25
2012-08-23,3.6543,0.1
2012-08-24,3.6548,0.05
2012-08-27,3.6284,-2.64
2012-08-28,3.6379,0.95
2012-08-29,3.6335,-0.44
2012-08-30,3.6314,-0.21
2012-08-31,3.6325,0.11
2012-09-03,3.637,0.45
2012-09-04,3.637,0.0
2012-09-05,3.6397,0.27
2012-09-06,3.6365,-0.32
2012-09-07,3.6373,0.08
2012-09-10,3.6389,0.16
2012-09-11,3.6465,0.76
2012-09-12,3.6461,-0.04
2012-09-13,3.6496,0.35
2012-09-14,3.6501,0.05
2012-09-17,3.6497,-0.04
2012-09-18,3.6505,0.08
2012-09-19,3.652,0.15
2012-09-20,3.6583,0.63
2012-09-21,3.6686,1.03
2012-09-24,3.6835,1.49
2012-09-25,3.6874,0.39
2012-09-26,3.6883,0.09
2012-09-27,3.6875,-0.08
2012-09-28,3.6865,-0.1
2012-09-29,3.6857,-0.08
2012-10-08,3.6868,0.11
2012-10-09,3.6881,0.13
2012-10-10,3.689,0.09
2012-10-11,3.6997,1.07
2012-10-12,3.7026,0.29
2012-10-15,3.6992,-0.34
2012-10-16,3.6994,0.02
2012-10-17,3.6991,-0.03
2012-10-18,3.7037,0.46
2012-10-19,3.7075,0.38
2012-10-22,3.7019,-0.56
2012-10-23,3.6918,-1.01
2012-10-24,3.7039,1.21
2012-10-25,3.7086,0.47
2012-10-26,3.7108,0.22
2012-10-29,3.722,1.12
2012-10-30,3.7193,-0.27
2012-10-31,3.7185,-0.08
2012-11-01,3.7164,-0.21
2012-11-02,3.7204,0.4
2012-11-05,3.722,0.16
2012-11-06,3.7221,0.01
2012-11-07,3.7285,0.64
2012-11-08,3.7332,0.47
2012-11-09,3.7407,0.75
2012-11-12,3.7559,1.52
2012-11-13,3.7694,1.35
2012-11-14,3.7699,0.05
2012-11-15,3.771,0.11
2012-11-16,3.7777,0.67
2012-11-19,3.7839,0.62
2012-11-20,3.7893,0.54
2012-11-21,3.79,0.07
2012-11-22,3.7979,0.79
2012-11-23,3.8012,0.33
2012-11-26,3.8055,0.43
2012-11-27,3.8125,0.7
2012-11-28,3.814,0.15
2012-11-29,3.821,0.7
2012-11-30,3.8256,0.46
2012-12-03,3.8252,-0.04
2012-12-04,3.8319,0.67
2012-12-05,3.8347,0.28
2012-12-06,3.8398,0.51
2012-12-07,3.8431,0.33
2012-12-10,3.8488,0.57
2012-12-11,3.8513,0.25
2012-12-12,3.8547,0.34
2012-12-13,3.855,0.03
2012-12-14,3.8572,0.22
2012-12-17,3.8608,0.36
2012-12-18,3.8664,0.56
2012-12-19,3.8742,0.78
2012-12-20,3.8809,0.67
2012-12-21,3.8832,0.23
2012-12-24,3.888,0.48
2012-12-25,3.8923,0.43
2012-12-26,3.8954,0.31
2012-12-27,3.8961,0.07
2012-12-28,3.8965,0.04
2012-12-31,3.8996,0.31
2013-01-04,3.9,0.04
2013-01-05,3.9016,0.16
2013-01-06,3.9026,0.1
2013-01-07,3.9028,0.02
2013-01-08,3.9029,0.01
2013-01-09,3.9031,0.02
2013-01-10,3.9024,-0.07
2013-01-11,3.9043,0.19
2013-01-14,3.9058,0.15
2013-01-15,3.9047,-0.11
2013-01-16,3.9029,-0.18
2013-01-17,3.9026,-0.03
2013-01-18,3.8942,-0.84
2013-01-21,3.8861,-0.81
2013-01-22,3.8839,-0.22
2013-01-23,3.88,-0.39
2013-01-24,3.8804,0.04
2013-01-25,3.8831,0.27
2013-01-28,3.8863,0.32
2013-01-29,3.8872,0.09
2013-01-30,3.8876,0.04
2013-01-31,3.8878,0.02
2013-02-01,3.8883,0.05
2013-02-04,3.889,0.07
2013-02-05,3.8913,0.23
2013-02-06,3.8929,0.16
2013-02-07,3.8937,0.08
2013-02-08,3.8916,-0.21
2013-02-16,3.8933,0.17
2013-02-17,3.8892,-0.41
2013-02-18,3.886,-0.32
2013-02-19,3.8817,-0.43
2013-02-20,3.88,-0.17
2013-02-21,3.88,0.0
2013-02-22,3.8798,-0.02
2013-02-25,3.88,0.02
2013-02-26,3.8842,0.42
2013-02-27,3.8866,0.24
2013-02-28,3.8946,0.8
2013-03-01,3.8946,0.0
2013-03-04,3.892,-0.26
2013-03-05,3.8918,-0.02
2013-03-06,3.8866,-0.52
2013-03-07,3.8837,-0.29
2013-03-08,3.8812,-0.25
2013-03-11,3.8816,0.04
2013-03-12,3.8822,0.06
2013-03-13,3.8833,0.11
2013-03-14,3.8821,-0.12
2013-03-15,3.8836,0.15
2013-03-18,3.8801,-0.35
2013-03-19,3.8802,0.01
2013-03-20,3.8804,0.02
2013-03-21,3.8794,-0.1
2013-03-22,3.8801,0.07
2013-03-25,3.8801,0.0
2013-03-26,3.8802,0.01
2013-03-27,3.8811,0.09
2013-03-28,3.8814,0.03
2013-03-29,3.8805,-0.09
2013-04-01,3.8804,-0.01
2013-04-02,3.8804,0.0
2013-04-03,3.8804,0.0
2013-04-07,3.8814,0.1
2013-04-08,3.8818,0.04
2013-04-09,3.8812,-0.06
2013-04-10,3.8818,0.06
2013-04-11,3.8803,-0.15
2013-04-12,3.8803,0.0
2013-04-15,3.8802,-0.01
2013-04-16,3.8803,0.01
2013-04-17,3.8803,0.0
2013-04-18,3.8803,0.0
2013-04-19,3.8813,0.1
2013-04-22,3.8828,0.15
2013-04-23,3.8844,0.16
2013-04-24,3.8837,-0.07
2013-04-25,3.8857,0.2
2013-04-26,3.8843,-0.14
2013-04-27,3.8821,-0.22
2013-04-28,3.8821,0.0
2013-05-02,3.883,0.09
2013-05-03,3.8814,-0.16
2013-05-06,3.881,-0.04
2013-05-07,3.8808,-0.02
2013-05-08,3.8804,-0.04
2013-05-09,3.8803,-0.01
2013-05-10,3.8802,-0.01
2013-05-13,3.88,-0.02
2013-05-14,3.8803,0.03
2013-05-15,3.8803,0.0
2013-05-16,3.8805,0.02
2013-05-17,3.8823,0.18
2013-05-20,3.8831,0.08
2013-05-21,3.8834,0.03
2013-05-22,3.8852,0.18
2013-05-23,3.8847,-0.05
2013-05-24,3.8838,-0.09
2013-05-27,3.8834,-0.04
2013-05-28,3.8848,0.14
2013-05-29,3.8821,-0.27
2013-05-30,3.8818,-0.03
2013-05-31,3.8821,0.03
2013-06-03,3.8834,0.13
2013-06-04,3.8835,0.01
2013-06-05,3.8838,0.03
2013-06-06,3.8938,1.0
2013-06-07,4.574,68.02
2013-06-08,5.108,53.4
2013-06-09,5.145,3.7
2013-06-13,5.205,6.0
2013-06-14,5.29,8.5
2013-06-17,5.319,2.9
2013-06-18,5.329,1.0
2013-06-19,5.408,7.9
2013-06-20,5.803,39.5
2013-06-21,5.79,-1.3
2013-06-24,5.724,-6.6
2013-06-25,5.641,-8.3
2013-06-26,5.582,-5.9
2013-06-27,5.539,-4.3
2013-06-28,5.439,-10.0
2013-07-01,5.295,-14.4
2013-07-02,5.211,-8.4
2013-07-03,5.148,-6.3
2013-07-04,5.029,-11.9
2013-07-05,4.939,-9.0
2013-07-08,4.794,-14.5
2013-07-09,4.723,-7.1
2013-07-10,4.704,-1.9
2013-07-11,4.6955,-0.85
2013-07-12,4.691,-0.45
2013-07-15,4.6785,-1.25
2013-07-16,4.6703,-0.82
2013-07-17,4.662,-0.83
2013-07-18,4.6578,-0.42
2013-07-19,4.6525,-0.53
2013-07-22,4.6515,-0.1
2013-07-23,4.6517,0.02
2013-07-24,4.661,0.93
2013-07-25,4.6601,-0.09
2013-07-26,4.667,0.69
2013-07-29,4.671,0.4
2013-07-30,4.667,-0.4
2013-07-31,4.6645,-0.25
2013-08-01,4.6635,-0.1
2013-08-02,4.6595,-0.4
2013-08-05,4.655,-0.45
2013-08-06,4.6538,-0.12
2013-08-07,4.6515,-0.23
2013-08-08,4.6504,-0.11
2013-08-09,4.6501,-0.03
2013-08-12,4.65,-0.01
2013-08-13,4.65,0.0
2013-08-14,4.65,0.0
2013-08-15,4.6502,0.02
2013-08-16,4.6503,0.01
2013-08-19,4.6573,0.7
2013-08-20,4.6636,0.63
2013-08-21,4.658,-0.56
2013-08-22,4.662,0.4
2013-08-23,4.662,0.0
2013-08-26,4.6619,-0.01
2013-08-27,4.6609,-0.1
2013-08-28,4.6586,-0.23
2013-08-29,4.658,-0.06
2013-08-30,4.6572,-0.08
2013-09-02,4.6561,-0.11
2013-09-03,4.6558,-0.03
2013-09-04,4.6566,0.08
2013-09-05,4.6566,0.0
2013-09-06,4.6573,0.07
2013-09-09,4.6564,-0.09
2013-09-10,4.6549,-0.15
2013-09-11,4.6559,0.1
2013-09-12,4.6563,0.04
2013-09-13,4.6571,0.08
2013-09-16,4.6569,-0.02
2013-09-17,4.6579,0.1
2013-09-18,4.6584,0.05
2013-09-22,4.6617,0.33
2013-09-23,4.6717,1.0
2013-09-24,4.6731,0.14
2013-09-25,4.6715,-0.16
2013-09-26,4.6732,0.17
2013-09-27,4.6722,-0.1
2013-09-29,4.6732,0.1
2013-09-30,4.6704,-0.28
2013-10-08,4.6685,-0.19
2013-10-09,4.6682,-0.03
2013-10-10,4.6681,-0.01
2013-10-11,4.6679,-0.02
2013-10-12,4.6673,-0.06
2013-10-14,4.6661,-0.12
2013-10-15,4.6655,-0.06
2013-10-16,4.6654,-0.01
2013-10-17,4.6681,0.27
2013-10-18,4.6695,0.14
2013-10-21,4.6775,0.8
2013-10-22,4.6813,0.38
2013-10-23,4.6843,0.3
2013-10-24,4.6876,0.33
2013-10-25,4.691,0.34
2013-10-28,4.6975,0.65
2013-10-29,4.6966,-0.09
2013-10-30,4.6965,-0.01
2013-10-31,4.6948,-0.17
2013-11-01,4.6925,-0.23
2013-11-04,4.6921,-0.04
2013-11-05,4.693,0.09
2013-11-06,4.6926,-0.04
2013-11-07,4.6933,0.07
2013-11-08,4.6944,0.11
2013-11-11,4.6962,0.18
2013-11-12,4.6978,0.16
2013-11-13,4.699,0.12
2013-11-14,4.6997,0.07
2013-11-15,4.706,0.63
2013-11-18,4.7095,0.35
2013-11-19,4.71,0.05
2013-11-20,4.7092,-0.08
2013-11-21,4.711,0.18
2013-11-22,4.7118,0.08
2013-11-25,4.7132,0.14
2013-11-26,4.7156,0.24
2013-11-27,4.7211,0.55
2013-11-28,4.7181,-0.3
2013-11-29,4.7229,0.48
2013-12-02,4.7197,-0.32
2013-12-03,4.7365,1.68
2013-12-04,4.7778,4.13
2013-12-05,4.885,10.72
2013-12-06,5.167,28.2
2013-12-09,5.2581,9.11
2013-12-10,5.338,7.99
2013-12-11,5.332,-0.6
2013-12-12,5.3222,-0.98
2013-12-13,5.335,1.28
2013-12-16,5.331,-0.4
2013-12-17,5.3537,2.27
2013-12-18,5.385,3.13
2013-12-19,5.4239,3.89
2013-12-20,5.458,3.41
2013-12-23,5.516,5.8
2013-12-24,5.5174,0.14
2013-12-25,5.522,0.46
2013-12-26,5.538,1.6
2013-12-27,5.5465,0.85
2013-12-30,5.553,0.65
2013-12-31,5.5565,0.35
2014-01-02,5.5657,0.92
2014-01-03,5.5661,0.04
2014-01-06,5.5732,0.71
2014-01-07,5.576,0.28
2014-01-08,5.5821,0.61
2014-01-09,5.5837,0.16
2014-01-10,5.5841,0.04
2014-01-13,5.5849,0.08
2014-01-14,5.5865,0.16
2014-01-15,5.5846,-0.19
2014-01-16,5.5812,-0.34
2014-01-17,5.5868,0.56
2014-01-20,5.5893,0.25
2014-01-21,5.591,0.17
2014-01-22,5.5924,0.14
2014-01-23,5.5926,0.02
2014-01-24,5.5946,0.2
2014-01-26,5.5962,0.16
2014-01-27,5.5989,0.27
2014-01-28,5.5998,0.09
2014-01-29,5.6,0.02
2014-01-30,5.6,0.0
2014-02-07,5.6,0.0
2014-02-08,5.605,0.5
2014-02-10,5.6031,-0.19
2014-02-11,5.6005,-0.26
2014-02-12,5.6012,0.07
2014-02-13,5.6037,0.25
2014-02-14,5.6005,-0.32
2014-02-17,5.6,-0.05
2014-02-18,5.6,0.0
2014-02-19,5.6,0.0
2014-02-20,5.596,-0.4
2014-02-21,5.5775,-1.85
2014-02-24,5.5665,-1.1
2014-02-25,5.5585,-0.8
2014-02-26,5.5415,-1.7
2014-02-27,5.536,-0.55
2014-02-28,5.529,-0.7
2014-03-03,5.519,-1.0
2014-03-04,5.515,-0.4
2014-03-05,5.5105,-0.45
2014-03-06,5.5067,-0.38
2014-03-07,5.504,-0.27
2014-03-10,5.502,-0.2
2014-03-11,5.5002,-0.18
2014-03-12,5.5,-0.02
2014-03-13,5.5,0.0
2014-03-14,5.5,0.0
2014-03-17,5.5,0.0
2014-03-18,5.5,0.0
2014-03-19,5.5,0.0
2014-03-20,5.5,0.0
2014-03-21,5.5,0.0
2014-03-24,5.5,0.0
2014-03-25,5.5,0.0
2014-03-26,5.5,0.0
2014-03-27,5.5,0.0
2014-03-28,5.5,0.0
2014-03-31,5.5,0.0
2014-04-01,5.5,0.0
2014-04-02,5.5,0.0
2014-04-03,5.5,0.0
2014-04-04,5.5,0.0
2014-04-08,5.5,0.0
2014-04-09,5.5,0.0
2014-04-10,5.5,0.0
2014-04-11,5.5,0.0
2014-04-14,5.5,0.0
2014-04-15,5.5,0.0
2014-04-16,5.5,0.0
2014-04-17,5.5,0.0
2014-04-18,5.5,0.0
2014-04-21,5.5,0.0
2014-04-22,5.5,0.0
2014-04-23,5.5,0.0
2014-04-24,5.5,0.0
2014-04-25,5.49,-1.0
2014-04-28,5.4982,0.82
2014-04-29,5.5,0.18
2014-04-30,5.495,-0.5
2014-05-04,5.482,-1.3
2014-05-05,5.4655,-1.65
2014-05-06,5.4474,-1.81
2014-05-07,5.4167,-3.07
2014-05-08,5.3992,-1.75
2014-05-09,5.3909,-0.83
2014-05-12,5.3764,-1.45
2014-05-13,5.3414,-3.5
2014-05-14,5.3198,-2.16
2014-05-15,5.2665,-5.33
2014-05-16,5.2418,-2.47
2014-05-19,5.2142,-2.76
2014-05-20,5.1772,-3.7
2014-05-21,5.1215,-5.57
2014-05-22,5.0935,-2.8
2014-05-23,5.0675,-2.6
2014-05-26,5.0413,-2.62
2014-05-27,5.0197,-2.16
2014-05-28,4.9768,-4.29
2014-05-29,4.9418,-3.5
2014-05-30,4.925,-1.68
2014-06-03,4.883,-4.2
2014-06-04,4.855,-2.8
2014-06-05,4.8393,-1.57
2014-06-06,4.8259,-1.34
2014-06-09,4.8181,-0.78
2014-06-10,4.8095,-0.86
2014-06-11,4.7941,-1.54
2014-06-12,4.7862,-0.79
2014-06-13,4.7794,-0.68
2014-06-16,4.7777,-0.17
2014-06-17,4.7825,0.48
2014-06-18,4.7767,-0.58
2014-06-19,4.7692,-0.75
2014-06-20,4.7751,0.59
2014-06-23,4.7761,0.1
2014-06-24,4.7679,-0.82
2014-06-25,4.7582,-0.97
2014-06-26,4.7478,-1.04
2014-06-27,4.7482,0.04
2014-06-30,4.7499,0.17
2014-07-01,4.7499,0.0
2014-07-02,4.75,0.01
2014-07-03,4.75,0.0
2014-07-04,4.75,0.0
2014-07-07,4.7495,-0.05
2014-07-08,4.75,0.05
2014-07-09,4.749,-0.1
2014-07-10,4.7438,-0.52
2014-07-11,4.7423,-0.15
2014-07-14,4.7461,0.38
2014-07-15,4.7485,0.24
2014-07-16,4.7487,0.02
2014-07-17,4.7448,-0.39
2014-07-18,4.7467,0.19
2014-07-21,4.7467,0.0
2014-07-22,4.7465,-0.02
2014-07-23,4.7525,0.6
2014-07-24,4.7465,-0.6
2014-07-25,4.7465,0.0
2014-07-28,4.7465,0.0
2014-07-29,4.739,-0.75
2014-07-30,4.7316,-0.74
2014-07-31,4.7215,-1.01
2014-08-01,4.7149,-0.66
2014-08-04,4.7081,-0.68
2014-08-05,4.7049,-0.32
2014-08-06,4.6982,-0.67
2014-08-07,4.6941,-0.41
2014-08-08,4.6921,-0.2
2014-08-11,4.6916,-0.05
2014-08-12,4.6905,-0.11
2014-08-13,4.6882,-0.23
2014-08-14,4.6834,-0.48
2014-08-15,4.6811,-0.23
2014-08-18,4.6805,-0.06
2014-08-19,4.6791,-0.14
2014-08-20,4.6804,0.13
2014-08-21,4.6786,-0.18
2014-08-22,4.6764,-0.22
2014-08-25,4.6758,-0.06
2014-08-26,4.6695,-0.63
2014-08-27,4.668,-0.15
2014-08-28,4.6689,0.09
2014-08-29,4.6659,-0.3
2014-09-01,4.6665,0.06
2014-09-02,4.6654,-0.11
2014-09-03,4.6652,-0.02
2014-09-04,4.6632,-0.2
2014-09-05,4.6539,-0.93
2014-09-09,4.6522,-0.17
2014-09-10,4.6495,-0.27
2014-09-11,4.642,-0.75
2014-09-12,4.6421,0.01
2014-09-15,4.6393,-0.28
2014-09-16,4.6349,-0.44
2014-09-17,4.6296,-0.53
2014-09-18,4.6206,-0.9
2014-09-19,4.607,-1.36
2014-09-22,4.5986,-0.84
2014-09-23,4.587,-1.16
2014-09-24,4.5741,-1.29
2014-09-25,4.562,-1.21
2014-09-26,4.5565,-0.55
2014-09-28,4.5528,-0.37
2014-09-29,4.55,-0.28
2014-09-30,4.5445,-0.55
2014-10-08,4.544,-0.05
2014-10-09,4.5394,-0.46
2014-10-10,4.535,-0.44
2014-10-11,4.5364,0.14
2014-10-13,4.5352,-0.12
2014-10-14,4.5346,-0.06
2014-10-15,4.5255,-0.91
2014-10-16,4.5208,-0.47
2014-10-17,4.5148,-0.6
2014-10-20,4.5052,-0.96
2014-10-21,4.4978,-0.74
2014-10-22,4.491,-0.68
2014-10-23,4.4825,-0.85
2014-10-24,4.4685,-1.4
2014-10-27,4.466,-0.25
2014-10-28,4.4502,-1.58
2014-10-29,4.4503,0.01
2014-10-30,4.4495,-0.08
2014-10-31,4.4472,-0.23
2014-11-03,4.4407,-0.65
2014-11-04,4.4358,-0.49
2014-11-05,4.4234,-1.24
2014-11-06,4.403,-2.04
2014-11-07,4.3813,-2.17
2014-11-10,4.3659,-1.54
2014-11-11,4.351,-1.49
2014-11-12,4.288,-6.3
2014-11-13,4.25,-3.8
2014-11-14,4.233,-1.7
2014-11-17,4.209,-2.4
2014-11-18,4.193,-1.6
2014-11-19,4.1802,-1.28
2014-11-20,4.1771,-0.31
2014-11-21,4.1758,-0.13
2014-11-24,4.145,-3.08
2014-11-25,4.1562,1.12
2014-11-26,4.163,0.68
2014-11-27,4.1695,0.65
2014-11-28,4.1695,0.0
2014-12-01,4.1751,0.56
2014-12-02,4.183,0.79
2014-12-03,4.193,1.0
2014-12-04,4.1952,0.22
2014-12-05,4.2177,2.25
2014-12-08,4.229,1.13
2014-12-09,4.236,0.7
2014-12-10,4.248,1.2
2014-12-11,4.316,6.8
2014-12-12,4.3313,1.53
2014-12-15,4.42,8.87
2014-12-16,4.5652,14.52
2014-12-17,4.7355,17.03
2014-12-18,4.876,14.05
2014-12-19,5.001,12.5
2014-12-22,5.1066,10.56
2014-12-23,5.1615,5.49
2014-12-24,5.166,0.45
2014-12-25,5.155,-1.1
2014-12-26,5.1485,-0.65
2014-12-29,5.1385,-1.0
2014-12-30,5.1398,0.13
2014-12-31,5.1351,-0.47
2015-01-04,5.138,0.29
2015-01-05,5.125,-1.3
2015-01-06,5.077,-4.8
2015-01-07,5.019,-5.8
2015-01-08,4.963,-5.6
2015-01-09,4.925,-3.8
2015-01-12,4.9061,-1.89
2015-01-13,4.9055,-0.06
2015-01-14,4.898,-0.75
2015-01-15,4.894,-0.4
2015-01-16,4.889,-0.5
2015-01-19,4.894,0.5
2015-01-20,4.897,0.3
2015-01-21,4.9,0.3
2015-01-22,4.9,0.0
2015-01-23,4.901,0.1
2015-01-26,4.8935,-0.75
2015-01-27,4.897,0.35
2015-01-28,4.9005,0.35
2015-01-29,4.907,0.65
2015-01-30,4.914,0.7
2015-02-02,4.9164,0.24
2015-02-03,4.9167,0.03
2015-02-04,4.928,1.13
2015-02-05,4.916,-1.2
2015-02-06,4.908,-0.8
2015-02-09,4.904,-0.4
2015-02-10,4.899,-0.5
2015-02-11,4.9,0.1
2015-02-12,4.901,0.1
2015-02-13,4.9,-0.1
2015-02-15,4.9,0.0
2015-02-16,4.9,0.0
2015-02-17,4.9,0.0
2015-02-25,4.9,0.0
2015-02-26,4.9,0.0
2015-02-27,4.9,0.0
2015-02-28,4.9,0.0
2015-03-02,4.898,-0.2
2015-03-03,4.8979,-0.01
2015-03-04,4.8959,-0.2
2015-03-05,4.896,0.01
2015-03-06,4.8978,0.18
2015-03-09,4.8979,0.01
2015-03-10,4.8988,0.09
2015-03-11,4.9,0.12
2015-03-12,4.9,0.0
2015-03-13,4.9,0.0
2015-03-16,4.905,0.5
2015-03-17,4.905,0.0
2015-03-18,4.906,0.1
2015-03-19,4.904,-0.2
2015-03-20,4.902,-0.2
2015-03-23,4.899,-0.3
2015-03-24,4.898,-0.1
2015-03-25,4.8975,-0.05
2015-03-26,4.8975,0.0
2015-03-27,4.8975,0.0
2015-03-30,4.8975,0.0
2015-03-31,4.8975,0.0
2015-04-01,4.8975,0.0
2015-04-02,4.8975,0.0
2015-04-03,4.888,-0.95
2015-04-07,4.8585,-2.95
2015-04-08,4.8305,-2.8
2015-04-09,4.8008,-2.97
2015-04-10,4.7821,-1.87
2015-04-13,4.7667,-1.54
2015-04-14,4.7535,-1.32
2015-04-15,4.7365,-1.7
2015-04-16,4.72,-1.65
2015-04-17,4.703,-1.7
2015-04-20,4.6133,-8.97
2015-04-21,4.4845,-12.88
2015-04-22,4.4161,-6.84
2015-04-23,4.3431,-7.3
2015-04-24,4.2641,-7.9
2015-04-27,4.161,-10.31
2015-04-28,4.08,-8.1
2015-04-29,4.035,-4.5
2015-04-30,3.97,-6.5
2015-05-04,3.923,-4.7
2015-05-05,3.8815,-4.15
2015-05-06,3.846,-3.55
2015-05-07,3.823,-2.3
2015-05-08,3.7985,-2.45
2015-05-11,3.735,-6.35
2015-05-12,3.681,-5.4
2015-05-13,3.634,-4.7
2015-05-14,3.482,-15.2
2015-05-15,3.323,-15.9
2015-05-18,3.2,-12.3
2015-05-19,3.156,-4.4
2015-05-20,3.071,-8.5
2015-05-21,3.014,-5.7
2015-05-22,2.959,-5.5
2015-05-25,2.903,-5.6
2015-05-26,2.881,-2.2
2015-05-27,2.869,-1.2
2015-05-28,2.865,-0.4
2015-05-29,2.864,-0.1
2015-06-01,2.8565,-0.75
2015-06-02,2.862,0.55
2015-06-03,2.871,0.9
2015-06-04,2.8825,1.15
2015-06-05,2.885,0.25
2015-06-08,2.887,0.2
2015-06-09,2.902,1.5
2015-06-10,2.902,0.0
2015-06-11,2.909,0.7
2015-06-12,2.921,1.2
2015-06-15,2.96,3.9
2015-06-16,2.981,2.1
2015-06-17,2.999,1.8
2015-06-18,3.054,5.5
2015-06-19,3.105,5.1
2015-06-23,3.173,6.8
2015-06-24,3.211,3.8
2015-06-25,3.25,3.9
2015-06-26,3.277,2.7
2015-06-29,3.248,-2.9
2015-06-30,3.233,-1.5
2015-07-01,3.213,-2.0
2015-07-02,3.212,-0.1
2015-07-03,3.202,-1.0
2015-07-06,3.203,0.1
2015-07-07,3.192,-1.1
2015-07-08,3.186,-0.6
2015-07-09,3.182,-0.4
2015-07-10,3.177,-0.5
2015-07-13,3.1709,-0.61
2015-07-14,3.1642,-0.67
2015-07-15,3.1598,-0.44
2015-07-16,3.155,-0.48
2015-07-17,3.152,-0.3
2015-07-20,3.1505,-0.15
2015-07-21,3.1512,0.07
2015-07-22,3.1563,0.51
2015-07-23,3.16,0.37
2015-07-24,3.1635,0.35
2015-07-27,3.1645,0.1
2015-07-28,3.1638,-0.07
2015-07-29,3.1635,-0.03
2015-07-30,3.1605,-0.3
2015-07-31,3.1575,-0.3
2015-08-03,3.153,-0.45
2015-08-04,3.15,-0.3
2015-08-05,3.143,-0.7
2015-08-06,3.137,-0.6
2015-08-07,3.127,-1.0
2015-08-10,3.1223,-0.47
2015-08-11,3.118,-0.43
2015-08-12,3.1125,-0.55
2015-08-13,3.101,-1.15
2015-08-14,3.097,-0.4
2015-08-17,3.091,-0.6
2015-08-18,3.093,0.2
2015-08-19,3.094,0.1
2015-08-20,3.093,-0.1
2015-08-21,3.09,-0.3
2015-08-24,3.09,0.0
2015-08-25,3.091,0.1
2015-08-26,3.0975,0.65
2015-08-27,3.096,-0.15
2015-08-28,3.098,0.2
2015-08-31,3.1,0.2
2015-09-01,3.1026,0.26
2015-09-02,3.1026,0.0
2015-09-06,3.104,0.14
2015-09-07,3.099,-0.5
2015-09-08,3.095,-0.4
2015-09-09,3.092,-0.3
2015-09-10,3.093,0.1
2015-09-11,3.097,0.4
2015-09-14,3.106,0.9
2015-09-15,3.113,0.7
2015-09-16,3.116,0.3
2015-09-17,3.1268,1.08
2015-09-18,3.1355,0.87
2015-09-21,3.141,0.55
2015-09-22,3.1448,0.38
2015-09-23,3.1468,0.2
2015-09-24,3.1518,0.5
2015-09-25,3.153,0.12
2015-09-28,3.152,-0.1
2015-09-29,3.153,0.1
2015-09-30,3.153,0.0
2015-10-08,3.1515,-0.15
2015-10-09,3.1585,0.7
2015-10-10,3.1656,0.71
2015-10-12,3.173,0.74
2015-10-13,3.1825,0.95
2015-10-14,3.186,0.35
2015-10-15,3.1846,-0.14
2015-10-16,3.1826,-0.2
2015-10-19,3.1783,-0.43
2015-10-20,3.175,-0.33
2015-10-21,3.169,-0.6
2015-10-22,3.157,-1.2
2015-10-23,3.144,-1.3
2015-10-26,3.084,-6.0
2015-10-27,3.047,-3.7
2015-10-28,3.038,-0.9
2015-10-29,3.036,-0.2
2015-10-30,3.036,0.0
2015-11-02,3.042,0.6
2015-11-03,3.0425,0.05
2015-11-04,3.0415,-0.1
2015-11-05,3.0405,-0.1
2015-11-06,3.0355,-0.5
2015-11-09,3.033,-0.25
2015-11-10,3.034,0.1
2015-11-11,3.034,0.0
2015-11-12,3.034,0.0
2015-11-13,3.034,0.0
2015-11-16,3.038,0.4
2015-11-17,3.04,0.2
2015-11-18,3.0441,0.41
2015-11-19,3.044,-0.01
2015-11-20,3.044,0.0
2015-11-23,3.046,0.2
2015-11-24,3.05,0.4
2015-11-25,3.05,0.0
2015-11-26,3.05,0.0
2015-11-27,3.05,0.0
2015-11-30,3.05,0.0
2015-12-01,3.047,-0.3
2015-12-02,3.042,-0.5
2015-12-03,3.043,0.1
2015-12-04,3.043,0.0
2015-12-07,3.048,0.5
2015-12-08,3.051,0.3
2015-12-09,3.047,-0.4
2015-12-10,3.046,-0.1
2015-12-11,3.051,0.5
2015-12-14,3.0461,-0.49
2015-12-15,3.051,0.49
2015-12-16,3.0475,-0.35
2015-12-17,3.0481,0.06
2015-12-18,3.0501,0.2
2015-12-21,3.0551,0.5
2015-12-22,3.0611,0.6
2015-12-23,3.0735,1.24
2015-12-24,3.0774,0.39
2015-12-25,3.0825,0.51
2015-12-28,3.0878,0.53
2015-12-29,3.0882,0.04
2015-12-30,3.0882,0.0
2015-12-31,3.0852,-0.3
2016-01-04,3.086,0.08
2016-01-05,3.086,0.0
2016-01-06,3.082,-0.4
2016-01-07,3.0746,-0.74
2016-01-08,3.067,-0.76
2016-01-11,3.0585,-0.85
2016-01-12,3.053,-0.55
2016-01-13,3.041,-1.2
2016-01-14,3.027,-1.4
2016-01-15,3.008,-1.9
2016-01-18,2.985,-2.3
2016-01-19,2.976,-0.9
2016-01-20,2.9705,-0.55
2016-01-21,2.986,1.55
2016-01-22,3.031,4.5
2016-01-25,3.0415,1.05
2016-01-26,3.073,3.15
2016-01-27,3.104,3.1
2016-01-28,3.107,0.3
2016-01-29,3.103,-0.4
2016-02-01,3.082,-2.1
2016-02-02,3.081,-0.1
2016-02-03,3.071,-1.0
2016-02-04,3.061,-1.0
2016-02-05,3.06,-0.1
2016-02-06,3.058,-0.2
2016-02-14,3.0495,-0.85
2016-02-15,3.041,-0.85
2016-02-16,3.029,-1.2
2016-02-17,3.014,-1.5
2016-02-18,3.004,-1.0
2016-02-19,2.967,-3.7
2016-02-22,2.947,-2.0
2016-02-23,2.927,-2.0
2016-02-24,2.901,-2.6
2016-02-25,2.899,-0.2
2016-02-26,2.899,0.0
2016-02-29,2.899,0.0
2016-03-01,2.8835,-1.55
2016-03-02,2.857,-2.65
2016-03-03,2.84,-1.7
2016-03-04,2.832,-0.8
2016-03-07,2.823,-0.9
2016-03-08,2.814,-0.9
2016-03-09,2.807,-0.7
2016-03-10,2.804,-0.3
2016-03-11,2.799,-0.5
2016-03-14,2.793,-0.6
2016-03-15,2.793,0.0
2016-03-16,2.793,0.0
2016-03-17,2.791,-0.2
2016-03-18,2.793,0.2
2016-03-21,2.795,0.2
2016-03-22,2.797,0.2
2016-03-23,2.798,0.1
2016-03-24,2.799,0.1
2016-03-25,2.797,-0.2
2016-03-28,2.797,0.0
2016-03-29,2.8002,0.32
2016-03-30,2.8115,1.13
2016-03-31,2.8248,1.33
2016-04-01,2.8385,1.37
2016-04-05,2.846,0.75
2016-04-06,2.845,-0.1
2016-04-07,2.847,0.2
2016-04-08,2.8455,-0.15
2016-04-11,2.8485,0.3
2016-04-12,2.847,-0.15
2016-04-13,2.8485,0.15
2016-04-14,2.8487,0.02
2016-04-15,2.848,-0.07
2016-04-18,2.848,0.0
2016-04-19,2.85,0.2
2016-04-20,2.851,0.1
2016-04-21,2.861,1.0
2016-04-22,2.868,0.7
2016-04-25,2.8735,0.55
2016-04-26,2.8775,0.4
2016-04-27,2.883,0.55
2016-04-28,2.8925,0.95
2016-04-29,2.908,1.55
2016-05-03,2.9044,-0.36
2016-05-04,2.899,-0.54
2016-05-05,2.896,-0.3
2016-05-06,2.894,-0.2
2016-05-09,2.892,-0.2
2016-05-10,2.892,0.0
2016-05-11,2.894,0.2
2016-05-12,2.8955,0.15
2016-05-13,2.9035,0.8
2016-05-16,2.9075,0.4
2016-05-17,2.9158,0.83
2016-05-18,2.9227,0.69
2016-05-19,2.9273,0.46
2016-05-20,2.9288,0.15
2016-05-23,2.93,0.12
2016-05-24,2.933,0.3
2016-05-25,2.9385,0.55
2016-05-26,2.941,0.25
2016-05-27,2.942,0.1
2016-05-30,2.9455,0.35
2016-05-31,2.946,0.05
2016-06-01,2.946,0.0
2016-06-02,2.946,0.0
2016-06-03,2.947,0.1
2016-06-06,2.946,-0.1
2016-06-07,2.946,0.0
2016-06-08,2.946,0.0
2016-06-12,2.946,0.0
2016-06-13,2.9476,0.16
2016-06-14,2.9508,0.32
2016-06-15,2.9521,0.13
2016-06-16,2.9523,0.02
2016-06-17,2.9568,0.45
2016-06-20,2.9572,0.04
2016-06-21,2.9573,0.01
2016-06-22,2.9593,0.2
2016-06-23,2.9605,0.12
2016-06-24,2.9626,0.21
2016-06-27,2.9618,-0.08
2016-06-28,2.9638,0.2
2016-06-29,2.9639,0.01
2016-06-30,2.9659,0.2
2016-07-01,2.9661,0.02
2016-07-04,2.9672,0.11
2016-07-05,2.9605,-0.67
2016-07-06,2.953,-0.75
2016-07-07,2.9455,-0.75
2016-07-08,2.936,-0.95
2016-07-11,2.931,-0.5
2016-07-12,2.924,-0.7
2016-07-13,2.907,-1.7
2016-07-14,2.888,-1.9
2016-07-15,2.877,-1.1
2016-07-18,2.87,-0.7
2016-07-19,2.865,-0.5
2016-07-20,2.8615,-0.35
2016-07-21,2.8575,-0.4
2016-07-22,2.856,-0.15
2016-07-25,2.854,-0.2
2016-07-26,2.851,-0.3
2016-07-27,2.849,-0.2
2016-07-28,2.8465,-0.25
2016-07-29,2.846,-0.05
2016-08-01,2.844,-0.2
2016-08-02,2.839,-0.5
2016-08-03,2.8335,-0.55
2016-08-04,2.822,-1.15
2016-08-05,2.8185,-0.35
2016-08-08,2.815,-0.35
2016-08-09,2.8105,-0.45
2016-08-10,2.8085,-0.2
2016-08-11,2.805,-0.35
2016-08-12,2.8045,-0.05
2016-08-15,2.8028,-0.17
2016-08-16,2.7995,-0.33
2016-08-17,2.796,-0.35
2016-08-18,2.794,-0.2
2016-08-19,2.793,-0.1
2016-08-22,2.7944,0.14
2016-08-23,2.793,-0.14
2016-08-24,2.794,0.1
2016-08-25,2.795,0.1
2016-08-26,2.796,0.1
2016-08-29,2.795,-0.1
2016-08-30,2.795,0.0
2016-08-31,2.794,-0.1
2016-09-01,2.791,-0.3
2016-09-02,2.788,-0.3
2016-09-05,2.786,-0.2
2016-09-06,2.7845,-0.15
2016-09-07,2.781,-0.35
2016-09-08,2.781,0.0
2016-09-09,2.7831,0.21
2016-09-12,2.7849,0.18
2016-09-13,2.785,0.01
2016-09-14,2.7885,0.35
2016-09-18,2.7919,0.34
2016-09-19,2.796,0.41
2016-09-20,2.799,0.3
2016-09-21,2.8009,0.19
2016-09-22,2.803,0.21
2016-09-23,2.804,0.1
2016-09-26,2.804,0.0
2016-09-27,2.8025,-0.15
2016-09-28,2.8015,-0.1
2016-09-29,2.8015,0.0
2016-09-30,2.8015,0.0
2016-10-08,2.8015,0.0
2016-10-09,2.8015,0.0
2016-10-10,2.8015,0.0
2016-10-11,2.8015,0.0
2016-10-12,2.8015,0.0
2016-10-13,2.8025,0.1
2016-10-14,2.8025,0.0
2016-10-17,2.804,0.15
2016-10-18,2.804,0.0
2016-10-19,2.804,0.0
2016-10-20,2.8054,0.14
2016-10-21,2.8096,0.42
2016-10-24,2.813,0.34
2016-10-25,2.814,0.1
2016-10-26,2.8164,0.24
2016-10-27,2.8207,0.43
2016-10-28,2.8221,0.14
2016-10-31,2.8233,0.12
2016-11-01,2.8254,0.21
2016-11-02,2.8296,0.42
2016-11-03,2.838,0.84
2016-11-04,2.8458,0.78
2016-11-07,2.8576,1.18
2016-11-08,2.8648,0.72
2016-11-09,2.8655,0.07
2016-11-10,2.8701,0.46
2016-11-11,2.8751,0.5
2016-11-14,2.8846,0.95
2016-11-15,2.8955,1.09
2016-11-16,2.9125,1.7
2016-11-17,2.9325,2.0
2016-11-18,2.9505,1.8
2016-11-21,2.9701,1.96
2016-11-22,2.9765,0.64
2016-11-23,2.9857,0.92
2016-11-24,2.9956,0.99
2016-11-25,3.0026,0.7
2016-11-28,3.0113,0.87
2016-11-29,3.0172,0.59
2016-11-30,3.0358,1.86
2016-12-01,3.0556,1.98
2016-12-02,3.0686,1.3
2016-12-05,3.0889,2.03
2016-12-06,3.1039,1.5
2016-12-07,3.1134,0.95
2016-12-08,3.1144,0.1
2016-12-09,3.1265,1.21
2016-12-12,3.1377,1.12
2016-12-13,3.1498,1.21
2016-12-14,3.1568,0.7
2016-12-15,3.1635,0.67
2016-12-16,3.1774,1.39
2016-12-19,3.1898,1.24
2016-12-20,3.204,1.42
2016-12-21,3.2164,1.24
2016-12-22,3.2267,1.03
2016-12-23,3.2337,0.7
2016-12-26,3.2414,0.77
2016-12-27,3.2512,0.98
2016-12-28,3.2592,0.8
2016-12-29,3.2651,0.59
2016-12-30,3.2726,0.75
2017-01-03,3.2813,0.87
2017-01-04,3.2912,0.99
2017-01-05,3.3384,4.72
2017-01-06,3.4388,10.04
2017-01-09,3.5152,7.64
2017-01-10,3.5526,3.74
2017-01-11,3.5853,3.27
2017-01-12,3.6536,6.83
2017-01-13,3.6874,3.38
2017-01-16,3.7018,1.44
2017-01-17,3.7222,2.04
2017-01-18,3.7491,2.69
2017-01-19,3.803,5.39
2017-01-20,3.8213,1.83
2017-01-22,3.8301,0.88
2017-01-23,3.8401,1.0
2017-01-24,3.8401,0.0
2017-01-25,3.8551,1.5
2017-01-26,3.8706,1.55
2017-02-03,3.9175,4.69
2017-02-04,3.9348,1.73
2017-02-06,3.9497,1.49
2017-02-07,4.016,6.63
2017-02-08,4.1094,9.34
2017-02-09,4.144,3.46
2017-02-10,4.1727,2.87
2017-02-13,4.2029,3.02
2017-02-14,4.2148,1.19
2017-02-15,4.2394,2.46
2017-02-16,4.2518,1.24
2017-02-17,4.2567,0.49
2017-02-20,4.2622,0.55
2017-02-21,4.2704,0.82
2017-02-22,4.2778,0.74
2017-02-23,4.284,0.62
2017-02-24,4.2829,-0.11
2017-02-27,4.2804,-0.25
2017-02-28,4.2841,0.37
2017-03-01,4.2881,0.4
2017-03-02,4.2904,0.23
2017-03-03,4.2905,0.01
2017-03-06,4.2925,0.2
2017-03-07,4.2918,-0.07
2017-03-08,4.2932,0.14
2017-03-09,4.2943,0.11
2017-03-10,4.2942,-0.01
2017-03-13,4.2925,-0.17
2017-03-14,4.2925,0.0
2017-03-15,4.2933,0.08
2017-03-16,4.3267,3.34
2017-03-17,4.3507,2.4
2017-03-20,4.3711,2.04
2017-03-21,4.3846,1.35
2017-03-22,4.4077,2.31
2017-03-23,4.4396,3.19
2017-03-24,4.4516,1.2
2017-03-27,4.4364,-1.52
2017-03-28,4.423,-1.34
2017-03-29,4.4135,-0.95
2017-03-30,4.3995,-1.4
2017-03-31,4.393,-0.65
2017-04-01,4.3642,-2.88
2017-04-05,4.3355,-2.87
2017-04-06,4.3183,-1.72
2017-04-07,4.301,-1.73
2017-04-10,4.2906,-1.04
2017-04-11,4.2774,-1.32
2017-04-12,4.2653,-1.21
2017-04-13,4.2631,-0.22
2017-04-14,4.2634,0.03
2017-04-17,4.2609,-0.25
2017-04-18,4.2621,0.12
2017-04-19,4.2661,0.4
2017-04-20,4.2725,0.64
2017-04-21,4.2781,0.56
2017-04-24,4.2789,0.08
2017-04-25,4.2839,0.5
2017-04-26,4.2884,0.45
2017-04-27,4.2917,0.33
2017-04-28,4.2974,0.57
2017-05-02,4.3002,0.28
2017-05-03,4.3309,3.07
2017-05-04,4.3476,1.67
2017-05-05,4.3608,1.32
2017-05-08,4.3731,1.23
2017-05-09,4.3848,1.17
2017-05-10,4.3933,0.85
2017-05-11,4.4083,1.5
2017-05-12,4.4088,0.05
2017-05-15,4.4184,0.96
2017-05-16,4.4278,0.94
2017-05-17,4.4349,0.71
2017-05-18,4.4439,0.9
2017-05-19,4.4641,2.02
2017-05-22,4.4744,1.03
2017-05-23,4.4956,2.12
2017-05-24,4.5177,2.21
2017-05-25,4.5338,1.61
2017-05-26,4.5424,0.86
2017-05-27,4.5528,1.04
2017-05-31,4.5641,1.13
2017-06-01,4.5779,1.38
2017-06-02,4.6012,2.33
2017-06-05,4.6225,2.13
2017-06-06,4.6577,3.52
2017-06-07,4.6988,4.11
2017-06-08,4.7306,3.18
2017-06-09,4.7555,2.49
2017-06-12,4.7763,2.08
2017-06-13,4.7827,0.64
2017-06-14,4.7827,0.0
2017-06-15,4.7723,-1.04
2017-06-16,4.7613,-1.1
2017-06-19,4.747,-1.43
2017-06-20,4.7141,-3.29
2017-06-21,4.688,-2.61
2017-06-22,4.6521,-3.59
2017-06-23,4.63,-2.21
2017-06-26,4.6125,-1.75
2017-06-27,4.5833,-2.92
2017-06-28,4.5522,-3.11
2017-06-29,4.5211,-3.11
2017-06-30,4.5009,-2.02
2017-07-03,4.4857,-1.52
2017-07-04,4.4606,-2.51
2017-07-05,4.4285,-3.21
2017-07-06,4.3876,-4.09
2017-07-07,4.3607,-2.69
2017-07-10,4.3421,-1.86
2017-07-11,4.3212,-2.09
2017-07-12,4.3088,-1.24
2017-07-13,4.29,-1.88
2017-07-14,4.281,-0.9
2017-07-17,4.2706,-1.04
2017-07-18,4.2666,-0.4
2017-07-19,4.26,-0.66
2017-07-20,4.2551,-0.49
2017-07-21,4.255,-0.01
2017-07-24,4.255,0.0
2017-07-25,4.254,-0.1
2017-07-26,4.251,-0.3
2017-07-27,4.25,-0.1
2017-07-28,4.2514,0.14
2017-07-31,4.2561,0.47
2017-08-01,4.2631,0.7
2017-08-02,4.2681,0.5
2017-08-03,4.2704,0.23
2017-08-04,4.2724,0.2
2017-08-07,4.2733,0.09
2017-08-08,4.2735,0.02
2017-08-09,4.2818,0.83
2017-08-10,4.2867,0.49
2017-08-11,4.2979,1.12
2017-08-14,4.3148,1.69
2017-08-15,4.3268,1.2
2017-08-16,4.3363,0.95
2017-08-17,4.3417,0.54
2017-08-18,4.344,0.23
2017-08-21,4.3464,0.24
2017-08-22,4.3505,0.41
2017-08-23,4.3571,0.66
2017-08-24,4.3619,0.48
2017-08-25,4.3689,0.7
2017-08-28,4.374,0.51
2017-08-29,4.3765,0.25
2017-08-30,4.3867,1.02
2017-08-31,4.3728,-1.39
2017-09-01,4.3741,0.13
2017-09-04,4.4023,2.82
2017-09-05,4.4173,1.5
2017-09-06,4.4271,0.98
2017-09-07,4.4348,0.77
2017-09-08,4.4281,-0.67
2017-09-11,4.4034,-2.47
2017-09-12,4.3768,-2.66
2017-09-13,4.3711,-0.57
2017-09-14,4.3675,-0.36
2017-09-15,4.3647,-0.28
2017-09-18,4.3643,-0.04
2017-09-19,4.3638,-0.05
2017-09-20,4.367,0.32
2017-09-21,4.3675,0.05
2017-09-22,4.3611,-0.64
2017-09-25,4.3578,-0.33
2017-09-26,4.3558,-0.2
2017-09-27,4.3565,0.07
2017-09-28,4.356,-0.05
2017-09-29,4.3561,0.01
2017-09-30,4.3565,0.04
2017-10-09,4.3502,-0.63
2017-10-10,4.3541,0.39
2017-10-11,4.3555,0.14
2017-10-12,4.3581,0.26
2017-10-13,4.3599,0.18
2017-10-16,4.3668,0.69
2017-10-17,4.3711,0.43
2017-10-18,4.3729,0.18
2017-10-19,4.3737,0.08
2017-10-20,4.3758,0.21
2017-10-23,4.3793,0.35
2017-10-24,4.3803,0.1
2017-10-25,4.383,0.27
2017-10-26,4.3845,0.15
2017-10-27,4.3901,0.56
2017-10-30,4.3926,0.25
2017-10-31,4.3954,0.28
2017-11-01,4.408,1.26
2017-11-02,4.4099,0.19
2017-11-03,4.4217,1.18
2017-11-06,4.4294,0.77
2017-11-07,4.4314,0.2
2017-11-08,4.4377,0.63
2017-11-09,4.4568,1.91
2017-11-10,4.4747,1.79
2017-11-13,4.5155,4.08
2017-11-14,4.5346,1.91
2017-11-15,4.5455,1.09
2017-11-16,4.5656,2.01
2017-11-17,4.6016,3.6
2017-11-20,4.6222,2.06
2017-11-21,4.6243,0.21
2017-11-22,4.6375,1.32
2017-11-23,4.6518,1.43
2017-11-24,4.6722,2.04
2017-11-27,4.7103,3.81
2017-11-28,4.728,1.77
2017-11-29,4.7438,1.58
2017-11-30,4.7594,1.56
2017-12-01,4.7639,0.45
2017-12-04,4.7804,1.65
2017-12-05,4.7901,0.97
2017-12-06,4.783,-0.71
2017-12-07,4.7873,0.43
2017-12-08,4.7918,0.45
2017-12-11,4.7992,0.74
2017-12-12,4.799,-0.02
2017-12-13,4.8039,0.49
2017-12-14,4.8144,1.05
2017-12-15,4.8175,0.31
2017-12-18,4.8348,1.73
2017-12-19,4.8385,0.37
2017-12-20,4.8559,1.74
2017-12-21,4.8676,1.17
2017-12-22,4.8908,2.32
2017-12-25,4.9092,1.84
2017-12-26,4.909,-0.02
2017-12-27,4.9129,0.39
2017-12-28,4.9123,-0.06
2017-12-29,4.9133,0.1
2018-01-02,4.804,-10.93
2018-01-03,4.73,-7.4
2018-01-04,4.687,-4.3
2018-01-05,4.6637,-2.33
2018-01-08,4.6594,-0.43
2018-01-09,4.657,-0.24
2018-01-10,4.6607,0.37
2018-01-11,4.6701,0.94
2018-01-12,4.6791,0.9
2018-01-15,4.683,0.39
2018-01-16,4.6843,0.13
2018-01-17,4.6935,0.92
2018-01-18,4.7044,1.09
2018-01-19,4.7115,0.71
2018-01-22,4.7122,0.07
2018-01-23,4.7163,0.41
2018-01-24,4.7267,1.04
2018-01-25,4.7317,0.5
2018-01-26,4.7292,-0.25
2018-01-29,4.727,-0.22
2018-01-30,4.7267,-0.03
2018-01-31,4.7257,-0.1
2018-02-01,4.7276,0.19
2018-02-02,4.7278,0.02
2018-02-05,4.7258,-0.2
2018-02-06,4.7206,-0.52
2018-02-07,4.707,-1.36
2018-02-08,4.696,-1.1
2018-02-09,4.6936,-0.24
2018-02-11,4.6974,0.38
2018-02-12,4.696,-0.14
2018-02-13,4.7006,0.46
2018-02-14,4.7031,0.25
2018-02-22,4.7054,0.23
2018-02-23,4.7076,0.22
2018-02-24,4.7078,0.02
2018-02-26,4.7128,0.5
2018-02-27,4.7103,-0.25
2018-02-28,4.7131,0.28
2018-03-01,4.7154,0.23
2018-03-02,4.7191,0.37
2018-03-05,4.722,0.29
2018-03-06,4.7332,1.12
2018-03-07,4.7364,0.32
2018-03-08,4.7407,0.43
2018-03-09,4.741,0.03
2018-03-12,4.735,-0.6
2018-03-13,4.725,-1.0
2018-03-14,4.719,-0.6
2018-03-15,4.7139,-0.51
2018-03-16,4.712,-0.19
2018-03-19,4.704,-0.8
2018-03-20,4.685,-1.9
2018-03-21,4.6751,-0.99
2018-03-22,4.6621,-1.3
2018-03-23,4.6489,-1.32
2018-03-26,4.6351,-1.38
2018-03-27,4.6239,-1.12
2018-03-28,4.6174,-0.65
2018-03-29,4.5247,-9.27
2018-03-30,4.4615,-6.32
2018-04-02,4.4052,-5.63
2018-04-03,4.3506,-5.46
2018-04-04,4.3101,-4.05
2018-04-08,4.2781,-3.2
2018-04-09,4.2579,-2.02
2018-04-10,4.229,-2.89
2018-04-11,4.209,-2.0
2018-04-12,4.199,-1.0
2018-04-13,4.179,-2.0
2018-04-16,4.173,-0.6
2018-04-17,4.174,0.1
2018-04-18,4.103,-7.1
2018-04-19,4.05,-5.3
2018-04-20,4.017,-3.3
2018-04-23,4.004,-1.3
2018-04-24,3.991,-1.3
2018-04-25,3.984,-0.7
2018-04-26,3.992,0.8
2018-04-27,4.007,1.5
2018-04-28,4.005,-0.2
2018-05-02,4.003,-0.2
2018-05-03,3.993,-1.0
2018-05-04,3.993,0.0
2018-05-07,3.9943,0.13
2018-05-08,3.9994,0.51
2018-05-09,4.013,1.36
2018-05-10,4.034,2.1
2018-05-11,4.05,1.6
2018-05-14,4.06,1.0
2018-05-15,4.072,1.2
2018-05-16,4.082,1.0
2018-05-17,4.101,1.9
2018-05-18,4.147,4.6
2018-05-21,4.151,0.4
2018-05-22,4.16,0.9
2018-05-23,4.173,1.3
2018-05-24,4.193,2.0
2018-05-25,4.215,2.2
2018-05-28,4.242,2.7
2018-05-29,4.282,4.0
2018-05-30,4.312,3.0
2018-05-31,4.329,1.7
2018-06-01,4.339,1.0
2018-06-04,4.341,0.2
2018-06-05,4.346,0.5
2018-06-06,4.354,0.8
2018-06-07,4.35,-0.4
2018-06-08,4.351,0.1
2018-06-11,4.353,0.2
2018-06-12,4.352,-0.1
2018-06-13,4.351,-0.1
2018-06-14,4.351,0.0
2018-06-15,4.352,0.1
2018-06-19,4.346,-0.6
2018-06-20,4.334,-1.2
2018-06-21,4.329,-0.5
2018-06-22,4.305,-2.4
2018-06-25,4.272,-3.3
2018-06-26,4.261,-1.1
2018-06-27,4.242,-1.9
2018-06-28,4.192,-5.0
2018-06-29,4.155,-3.7
2018-07-02,4.104,-5.1
2018-07-03,3.9944,-10.96
2018-07-04,3.919,-7.54
2018-07-05,3.818,-10.1
2018-07-06,3.74,-7.8
2018-07-09,3.682,-5.8
2018-07-10,3.649,-3.3
2018-07-11,3.632,-1.7
2018-07-12,3.626,-0.6
2018-07-13,3.613,-1.3
2018-07-16,3.608,-0.5
2018-07-17,3.601,-0.7
2018-07-18,3.588,-1.3
2018-07-19,3.561,-2.7
2018-07-20,3.536,-2.5
2018-07-23,3.503,-3.3
2018-07-24,3.475,-2.8
2018-07-25,3.419,-5.6
2018-07-26,3.363,-5.6
2018-07-27,3.303,-6.0
2018-07-30,3.233,-7.0
2018-07-31,3.174,-5.9
2018-08-01,3.119,-5.5
2018-08-02,3.056,-6.3
2018-08-03,3.003,-5.3
2018-08-06,2.954,-4.9
2018-08-07,2.895,-5.9
2018-08-08,2.842,-5.3
2018-08-09,2.816,-2.6
2018-08-10,2.801,-1.5
2018-08-13,2.791,-1.0
2018-08-14,2.799,0.8
2018-08-15,2.807,0.8
2018-08-16,2.813,0.6
2018-08-17,2.817,0.4
2018-08-20,2.83,1.3
2018-08-21,2.856,2.6
2018-08-22,2.878,2.2
2018-08-23,2.887,0.9
2018-08-24,2.889,0.2
2018-08-27,2.895,0.6
2018-08-28,2.899,0.4
2018-08-29,2.897,-0.2
2018-08-30,2.894,-0.3
2018-08-31,2.894,0.0
2018-09-03,2.887,-0.7
2018-09-04,2.878,-0.9
2018-09-05,2.85,-2.8
2018-09-06,2.845,-0.5
2018-09-07,2.851,0.6
2018-09-10,2.842,-0.9
2018-09-11,2.848,0.6
2018-09-12,2.846,-0.2
2018-09-13,2.843,-0.3
2018-09-14,2.83,-1.3
2018-09-17,2.822,-0.8
2018-09-18,2.82,-0.2
2018-09-19,2.818,-0.2
2018-09-20,2.812,-0.6
2018-09-21,2.815,0.3
2018-09-25,2.827,1.2
2018-09-26,2.83,0.3
2018-09-27,2.838,0.8
2018-09-28,2.843,0.5
2018-09-29,2.846,0.3
2018-09-30,2.847,0.1
2018-10-08,2.836,-1.1
2018-10-09,2.816,-2.0
2018-10-10,2.81,-0.6
2018-10-11,2.801,-0.9
2018-10-12,2.8,-0.1
2018-10-15,2.801,0.1
2018-10-16,2.8,-0.1
2018-10-17,2.818,1.8
2018-10-18,2.832,1.4
2018-10-19,2.842,1.0
2018-10-22,2.871,2.9
2018-10-23,2.903,3.2
2018-10-24,2.924,2.1
2018-10-25,2.948,2.4
2018-10-26,2.952,0.4
2018-10-29,2.958,0.6
2018-10-30,2.957,-0.1
2018-10-31,2.963,0.6
2018-11-01,2.976,1.3
2018-11-02,2.981,0.5
2018-11-05,2.986,0.5
2018-11-06,2.991,0.5
2018-11-07,2.997,0.6
2018-11-08,3.0,0.3
2018-11-09,3.001,0.1
2018-11-12,3.001,0.0
2018-11-13,3.004,0.3
2018-11-14,3.008,0.4
2018-11-15,3.01,0.2
2018-11-16,3.023,1.3
2018-11-19,3.035,1.2
2018-11-20,3.053,1.8
2018-11-21,3.06,0.7
2018-11-22,3.064,0.4
2018-11-23,3.073,0.9
2018-11-26,3.085,1.2
2018-11-27,3.096,1.1
2018-11-28,3.104,0.8
2018-11-29,3.1094,0.54
2018-11-30,3.113,0.36
2018-12-03,3.117,0.4
2018-12-04,3.126,0.9
2018-12-05,3.133,0.7
2018-12-06,3.133,0.0
2018-12-07,3.136,0.3
2018-12-10,3.142,0.6
2018-12-11,3.145,0.3
2018-12-12,3.147,0.2
2018-12-13,3.149,0.2
2018-12-14,3.156,0.7
2018-12-17,3.164,0.8
2018-12-18,3.174,1.0
2018-12-19,3.181,0.7
2018-12-20,3.199,1.8
2018-12-21,3.209,1.0
2018-12-24,3.23,2.1
2018-12-25,3.273,4.3
2018-12-26,3.309,3.6
2018-12-27,3.339,3.0
2018-12-28,3.357,1.8
2018-12-29,3.346,-1.1
2019-01-02,3.285,-6.1
2019-01-03,3.246,-3.9
2019-01-04,3.215,-3.1
2019-01-07,3.141,-7.4
2019-01-08,3.093,-4.8
2019-01-09,3.065,-2.8
2019-01-10,3.031,-3.4
2019-01-11,3.007,-2.4
2019-01-14,2.984,-2.3
2019-01-15,2.962,-2.2
2019-01-16,2.942,-2.0
2019-01-17,2.93,-1.2
2019-01-18,2.918,-1.2
2019-01-21,2.915,-0.3
2019-01-22,2.914,-0.1
2019-01-23,2.909,-0.5
2019-01-24,2.904,-0.5
2019-01-25,2.902,-0.2
2019-01-28,2.901,-0.1
2019-01-29,2.9,-0.1
2019-01-30,2.901,0.1
2019-01-31,2.9,-0.1
2019-02-01,2.9,0.0
2019-02-02,2.9,0.0
2019-02-03,2.9,0.0
2019-02-11,2.898,-0.2
2019-02-12,2.872,-2.6
2019-02-13,2.852,-2.0
2019-02-14,2.83,-2.2
2019-02-15,2.802,-2.8
2019-02-18,2.797,-0.5
2019-02-19,2.778,-1.9
2019-02-20,2.759,-1.9
2019-02-21,2.749,-1.0
2019-02-22,2.749,0.0
2019-02-25,2.752,0.3
2019-02-26,2.756,0.4
2019-02-27,2.756,0.0
2019-02-28,2.751,-0.5
2019-03-01,2.75,-0.1
2019-03-04,2.75,0.0
2019-03-05,2.75,0.0
2019-03-06,2.75,0.0
2019-03-07,2.751,0.1
2019-03-08,2.755,0.4
2019-03-11,2.7565,0.15
2019-03-12,2.761,0.45
2019-03-13,2.768,0.7
2019-03-14,2.777,0.9
2019-03-15,2.799,2.2
2019-03-18,2.814,1.5
2019-03-19,2.823,0.9
2019-03-20,2.833,1.0
2019-03-21,2.838,0.5
2019-03-22,2.837,-0.1
2019-03-25,2.836,-0.1
2019-03-26,2.828,-0.8
2019-03-27,2.819,-0.9
2019-03-28,2.807,-1.2
2019-03-29,2.801,-0.6
2019-04-01,2.795,-0.6
2019-04-02,2.786,-0.9
2019-04-03,2.767,-1.9
2019-04-04,2.758,-0.9
2019-04-08,2.754,-0.4
2019-04-09,2.751,-0.3
2019-04-10,2.755,0.4
2019-04-11,2.76,0.5
2019-04-12,2.761,0.1
2019-04-15,2.768,0.7
2019-04-16,2.774,0.6
2019-04-17,2.787,1.3
2019-04-18,2.806,1.9
2019-04-19,2.817,1.1
2019-04-22,2.822,0.5
2019-04-23,2.833,1.1
2019-04-24,2.855,2.2
2019-04-25,2.88,2.5
2019-04-26,2.896,1.6
2019-04-28,2.909,1.3
2019-04-29,2.923,1.4
2019-04-30,2.93,0.7
2019-05-05,2.935,0.5
2019-05-06,2.934,-0.1
2019-05-07,2.922,-1.2
2019-05-08,2.91,-1.2
2019-05-09,2.903,-0.7
2019-05-10,2.895,-0.8
2019-05-13,2.889,-0.6
2019-05-14,2.891,0.2
2019-05-15,2.893,0.2
2019-05-16,2.896,0.3
2019-05-17,2.9,0.4
2019-05-20,2.9,0.0
2019-05-21,2.9,0.0
2019-05-22,2.903,0.3
2019-05-23,2.901,-0.2
2019-05-24,2.902,0.1
2019-05-27,2.904,0.2
2019-05-28,2.915,1.1
2019-05-29,2.917,0.2
2019-05-30,2.916,-0.1
2019-05-31,2.912,-0.4
2019-06-03,2.904,-0.8
2019-06-04,2.902,-0.2
2019-06-05,2.916,1.4
2019-06-06,2.924,0.8
2019-06-10,2.932,0.8
2019-06-11,2.94,0.8
2019-06-12,2.943,0.3
2019-06-13,2.944,0.1
2019-06-14,2.947,0.3
2019-06-17,2.947,0.0
2019-06-18,2.943,-0.4
2019-06-19,2.929,-1.4
2019-06-20,2.911,-1.8
2019-06-21,2.895,-1.6
2019-06-24,2.859,-3.6
2019-06-25,2.809,-5.0
2019-06-26,2.758,-5.1
2019-06-27,2.722,-3.6
2019-06-28,2.708,-1.4
2019-07-01,2.681,-2.7
2019-07-02,2.657,-2.4
2019-07-03,2.641,-1.6
2019-07-04,2.627,-1.4
2019-07-05,2.606,-2.1
2019-07-08,2.603,-0.3
2019-07-09,2.601,-0.2
2019-07-10,2.6,-0.1
2019-07-11,2.6,0.0
2019-07-12,2.6,0.0
2019-07-15,2.6,0.0
2019-07-16,2.609,0.9
2019-07-17,2.613,0.4
2019-07-18,2.623,1.0
2019-07-19,2.631,0.8
2019-07-22,2.628,-0.3
2019-07-23,2.628,0.0
2019-07-24,2.625,-0.3
2019-07-25,2.625,0.0
2019-07-26,2.629,0.4
2019-07-29,2.631,0.2
2019-07-30,2.636,0.5
2019-07-31,2.644,0.8
2019-08-01,2.646,0.2
2019-08-02,2.649,0.3
2019-08-05,2.646,-0.3
2019-08-06,2.635,-1.1
2019-08-07,2.623,-1.2
2019-08-08,2.618,-0.5
2019-08-09,2.618,0.0
2019-08-12,2.625,0.7
2019-08-13,2.644,1.9
2019-08-14,2.656,1.2
2019-08-15,2.661,0.5
2019-08-16,2.666,0.5
2019-08-19,2.669,0.3
2019-08-20,2.671,0.2
2019-08-21,2.674,0.3
2019-08-22,2.682,0.8
2019-08-23,2.69,0.8
2019-08-26,2.694,0.4
2019-08-27,2.7,0.6
2019-08-28,2.702,0.2
2019-08-29,2.7002,-0.18
2019-08-30,2.701,0.08
2019-09-02,2.7,-0.1
2019-09-03,2.701,0.1
2019-09-04,2.702,0.1
2019-09-05,2.704,0.2
2019-09-06,2.708,0.4
2019-09-09,2.707,-0.1
2019-09-10,2.707,0.0
2019-09-11,2.707,0.0
2019-09-12,2.709,0.2
2019-09-16,2.71,0.1
2019-09-17,2.708,-0.2
2019-09-18,2.706,-0.2
2019-09-19,2.709,0.3
2019-09-20,2.717,0.8
2019-09-23,2.725,0.8
2019-09-24,2.729,0.4
2019-09-25,2.729,0.0
2019-09-26,2.732,0.3
2019-09-27,2.726,-0.6
2019-09-29,2.727,0.1
2019-09-30,2.728,0.1
2019-10-08,2.724,-0.4
2019-10-09,2.72,-0.4
2019-10-10,2.718,-0.2
2019-10-11,2.718,0.0
2019-10-12,2.719,0.1
2019-10-14,2.722,0.3
2019-10-15,2.731,0.9
2019-10-16,2.732,0.1
2019-10-17,2.736,0.4
2019-10-18,2.746,1.0
2019-10-21,2.763,1.7
2019-10-22,2.793,3.0
2019-10-23,2.808,1.5
2019-10-24,2.824,1.6
2019-10-25,2.831,0.7
2019-10-28,2.84,0.9
2019-10-29,2.847,0.7
2019-10-30,2.864,1.7
2019-10-31,2.887,2.3
2019-11-01,2.897,1.0
2019-11-04,2.919,2.2
2019-11-05,2.933,1.4
2019-11-06,2.948,1.5
2019-11-07,2.953,0.5
2019-11-08,2.953,0.0
2019-11-11,2.955,0.2
2019-11-12,2.965,1.0
2019-11-13,2.981,1.6
2019-11-14,3.0,1.9
2019-11-15,3.02,2.0
2019-11-18,3.032,1.2
2019-11-19,3.033,0.1
2019-11-20,3.032,-0.1
2019-11-21,3.034,0.2
2019-11-22,3.037,0.3
2019-11-25,3.029,-0.8
2019-11-26,3.02,-0.9
2019-11-27,3.019,-0.1
2019-11-28,3.016,-0.3
2019-11-29,3.017,0.1
2019-12-02,3.017,0.0
2019-12-03,3.015,-0.2
2019-12-04,3.019,0.4
2019-12-05,3.022,0.3
2019-12-06,3.0245,0.25
2019-12-09,3.025,0.05
2019-12-10,3.028,0.3
2019-12-11,3.03,0.2
2019-12-12,3.0305,0.05
2019-12-13,3.0325,0.2
2019-12-16,3.0324,-0.01
2019-12-17,3.036,0.36
2019-12-18,3.04,0.4
2019-12-19,3.043,0.3
2019-12-20,3.041,-0.2
2019-12-23,3.04,-0.1
2019-12-24,3.0335,-0.65
2019-12-25,3.0325,-0.1
2019-12-26,3.0295,-0.3
2019-12-27,3.0255,-0.4
2019-12-30,3.021,-0.45
2019-12-31,3.02,-0.1
2020-01-02,2.994,-2.6
2020-01-03,2.96,-3.4
2020-01-06,2.92,-4.0
2020-01-07,2.899,-2.1
2020-01-08,2.881,-1.8
2020-01-09,2.867,-1.4
2020-01-10,2.864,-0.3
2020-01-13,2.858,-0.6
2020-01-14,2.862,0.4
2020-01-15,2.865,0.3
2020-01-16,2.868,0.3
2020-01-17,2.868,0.0
2020-01-19,2.863,-0.5
2020-01-20,2.86,-0.3
2020-01-21,2.859,-0.1
2020-01-22,2.858,-0.1
2020-01-23,2.858,0.0
2020-02-03,2.852,-0.6
2020-02-04,2.824,-2.8
2020-02-05,2.799,-2.5
2020-02-06,2.776,-2.3
2020-02-07,2.753,-2.3
2020-02-10,2.723,-3.0
2020-02-11,2.679,-4.4
2020-02-12,2.639,-4.0
2020-02-13,2.605,-3.4
2020-02-14,2.565,-4.0
2020-02-17,2.545,-2.0
2020-02-18,2.525,-2.0
2020-02-19,2.51,-1.5
2020-02-20,2.5,-1.0
2020-02-21,2.489,-1.1
2020-02-24,2.476,-1.3
2020-02-25,2.459,-1.7
2020-02-26,2.442,-1.7
2020-02-27,2.433,-0.9
2020-02-28,2.429,-0.4
2020-03-02,2.408,-2.1
2020-03-03,2.375,-3.3
2020-03-04,2.332,-4.3
2020-03-05,2.29,-4.2
2020-03-06,2.258,-3.2
2020-03-09,2.238,-2.0
2020-03-10,2.225,-1.3
2020-03-11,2.224,-0.1
2020-03-12,2.223,-0.1
2020-03-13,2.202,-2.1
2020-03-16,2.175,-2.7
2020-03-17,2.145,-3.0
2020-03-18,2.12,-2.5
2020-03-19,2.104,-1.6
2020-03-20,2.087,-1.7
2020-03-23,2.072,-1.5
2020-03-24,2.056,-1.6
2020-03-25,2.01,-4.6
2020-03-26,1.977,-3.3
2020-03-27,1.966,-1.1
2020-03-30,1.948,-1.8
2020-03-31,1.933,-1.5
2020-04-01,1.918,-1.5
2020-04-02,1.889,-2.9
2020-04-03,1.844,-4.5
2020-04-07,1.73,-11.4
2020-04-08,1.647,-8.3
2020-04-09,1.558,-8.9
2020-04-10,1.507,-5.1
2020-04-13,1.485,-2.2
2020-04-14,1.46,-2.5
2020-04-15,1.447,-1.3
2020-04-16,1.428,-1.9
2020-04-17,1.403,-2.5
2020-04-20,1.394,-0.9
2020-04-21,1.396,0.2
2020-04-22,1.391,-0.5
2020-04-23,1.396,0.5
2020-04-24,1.396,0.0
2020-04-26,1.397,0.1
2020-04-27,1.397,0.0
2020-04-28,1.398,0.1
2020-04-29,1.399,0.1
2020-04-30,1.4,0.1
2020-05-06,1.4,0.0
2020-05-07,1.4,0.0
2020-05-08,1.4,0.0
2020-05-09,1.399,-0.1
2020-05-11,1.398,-0.1
2020-05-12,1.398,0.0
2020-05-13,1.398,0.0
2020-05-14,1.399,0.1
2020-05-15,1.399,0.0
2020-05-18,1.398,-0.1
2020-05-19,1.399,0.1
2020-05-20,1.399,0.0
2020-05-21,1.4,0.1
2020-05-22,1.4,0.0
2020-05-25,1.4,0.0
2020-05-26,1.405,0.5
2020-05-27,1.415,1.0
2020-05-28,1.43,1.5
2020-05-29,1.453,2.3
2020-06-01,1.456,0.3
2020-06-02,1.462,0.6
2020-06-03,1.494,3.2
2020-06-04,1.536,4.2
2020-06-05,1.594,5.8
2020-06-08,1.658,6.4
2020-06-09,1.727,6.9
2020-06-10,1.816,8.9
2020-06-11,1.904,8.8
2020-06-12,1.956,5.2
2020-06-15,1.987,3.1
2020-06-16,2.019,3.2
2020-06-17,2.056,3.7
2020-06-18,2.078,2.2
2020-06-19,2.095,1.7
2020-06-22,2.097,0.2
2020-06-23,2.109,1.2
2020-06-24,2.121,1.2
2020-06-28,2.129,0.8
2020-06-29,2.127,-0.2
2020-06-30,2.126,-0.1
2020-07-01,2.122,-0.4
2020-07-02,2.113,-0.9
2020-07-03,2.105,-0.8
2020-07-06,2.104,-0.1
2020-07-07,2.103,-0.1
2020-07-08,2.111,0.8
2020-07-09,2.122,1.1
2020-07-10,2.143,2.1
2020-07-13,2.163,2.0
2020-07-14,2.192,2.9
2020-07-15,2.241,4.9
2020-07-16,2.286,4.5
2020-07-17,2.356,7.0
2020-07-20,2.404,4.8
2020-07-21,2.466,6.2
2020-07-22,2.501,3.5
2020-07-23,2.541,4.0
2020-07-24,2.557,1.6
2020-07-27,2.574,1.7
2020-07-28,2.578,0.4
2020-07-29,2.586,0.8
2020-07-30,2.59,0.4
2020-07-31,2.593,0.3
2020-08-03,2.595,0.2
2020-08-04,2.598,0.3
2020-08-05,2.6,0.2
2020-08-06,2.6,0.0
2020-08-07,2.603,0.3
2020-08-10,2.601,-0.2
2020-08-11,2.6,-0.1
2020-08-12,2.601,0.1
2020-08-13,2.601,0.0
2020-08-14,2.601,0.0
2020-08-17,2.602,0.1
2020-08-18,2.6,-0.2
2020-08-19,2.6,0.0
2020-08-20,2.601,0.1
2020-08-21,2.601,0.0
2020-08-24,2.604,0.3
2020-08-25,2.606,0.2
2020-08-26,2.612,0.6
2020-08-27,2.621,0.9
2020-08-28,2.63,0.9
2020-08-31,2.636,0.6
2020-09-01,2.64,0.4
2020-09-02,2.646,0.6
2020-09-03,2.654,0.8
2020-09-04,2.661,0.7
2020-09-07,2.676,1.5
2020-09-08,2.688,1.2
2020-09-09,2.693,0.5
2020-09-10,2.695,0.2
2020-09-11,2.697,0.2
2020-09-14,2.697,0.0
2020-09-15,2.696,-0.1
2020-09-16,2.688,-0.8
2020-09-17,2.686,-0.2
2020-09-18,2.679,-0.7
2020-09-21,2.673,-0.6
2020-09-22,2.67,-0.3
2020-09-23,2.67,0.0
2020-09-24,2.668,-0.2
2020-09-25,2.668,0.0
2020-09-27,2.671,0.3
2020-09-28,2.673,0.2
2020-09-29,2.684,1.1
2020-09-30,2.691,0.7
2020-10-09,2.708,1.7
2020-10-10,2.715,0.7
2020-10-12,2.722,0.7
2020-10-13,2.734,1.2
2020-10-14,2.757,2.3
2020-10-15,2.774,1.7
2020-10-16,2.786,1.2
2020-10-19,2.803,1.7
2020-10-20,2.829,2.6
2020-10-21,2.855,2.6
2020-10-22,2.877,2.2
2020-10-23,2.895,1.8
2020-10-26,2.913,1.8
2020-10-27,2.933,2.0
2020-10-28,2.952,1.9
2020-10-29,2.96,0.8
2020-10-30,2.972,1.2
2020-11-02,2.982,1.0
2020-11-03,2.989,0.7
2020-11-04,2.993,0.4
2020-11-05,2.996,0.3
2020-11-06,3.001,0.5
2020-11-09,3.001,0.0
2020-11-10,3.002,0.1
2020-11-11,3.002,0.0
2020-11-12,3.002,0.0
2020-11-13,3.003,0.1
2020-11-16,3.002,-0.1
2020-11-17,3.003,0.1
2020-11-18,3.009,0.6
2020-11-19,3.014,0.5
2020-11-20,3.021,0.7
2020-11-23,3.047,2.6
2020-11-24,3.069,2.2
2020-11-25,3.077,0.8
2020-11-26,3.113,3.6
2020-11-27,3.136,2.3
2020-11-30,3.123,-1.3
2020-12-01,3.109,-1.4
2020-12-02,3.103,-0.6
2020-12-03,3.089,-1.4
2020-12-04,3.083,-0.6
2020-12-07,3.076,-0.7
2020-12-08,3.073,-0.3
2020-12-09,3.05,-2.3
2020-12-10,3.024,-2.6
2020-12-11,3.016,-0.8
2020-12-14,3.0,-1.6
2020-12-15,2.983,-1.7
2020-12-16,2.952,-3.1
2020-12-17,2.905,-4.7
2020-12-18,2.855,-5.0
2020-12-21,2.818,-3.7
2020-12-22,2.796,-2.2
2020-12-23,2.787,-0.9
2020-12-24,2.776,-1.1
2020-12-25,2.766,-1.0
2020-12-28,2.761,-0.5
2020-12-29,2.757,-0.4
2020-12-30,2.755,-0.2
2020-12-31,2.756,0.1
2021-01-04,2.746,-1.0
2021-01-05,2.734,-1.2
2021-01-06,2.707,-2.7
2021-01-07,2.677,-3.0
2021-01-08,2.645,-3.2
2021-01-11,2.618,-2.7
2021-01-12,2.599,-1.9
2021-01-13,2.59,-0.9
2021-01-14,2.582,-0.8
2021-01-15,2.581,-0.1
2021-01-18,2.578,-0.3
2021-01-19,2.573,-0.5
2021-01-20,2.575,0.2
2021-01-21,2.578,0.3
2021-01-22,2.578,0.0
2021-01-25,2.579,0.1
2021-01-26,2.589,1.0
2021-01-27,2.619,3.0
2021-01-28,2.705,8.6
2021-01-29,2.765,6.0
2021-02-01,2.773,0.8
2021-02-02,2.775,0.2
2021-02-03,2.776,0.1
2021-02-04,2.776,0.0
2021-02-05,2.779,0.3
2021-02-07,2.78,0.1
2021-02-08,2.791,1.1
2021-02-09,2.808,1.7
2021-02-10,2.812,0.4
2021-02-18,2.815,0.3
2021-02-19,2.824,0.9
2021-02-20,2.832,0.8
2021-02-22,2.845,1.3
2021-02-23,2.848,0.3
2021-02-24,2.843,-0.5
2021-02-25,2.836,-0.7
2021-02-26,2.833,-0.3
2021-03-01,2.813,-2.0
2021-03-02,2.804,-0.9
2021-03-03,2.794,-1.0
2021-03-04,2.781,-1.3
2021-03-05,2.766,-1.5
2021-03-08,2.749,-1.7
2021-03-09,2.74,-0.9
2021-03-10,2.737,-0.3
2021-03-11,2.733,-0.4
2021-03-12,2.719,-1.4
2021-03-15,2.709,-1.0
2021-03-16,2.705,-0.4
2021-03-17,2.704,-0.1
2021-03-18,2.703,-0.1
2021-03-19,2.698,-0.5
2021-03-22,2.694,-0.4
2021-03-23,2.689,-0.5
2021-03-24,2.681,-0.8
2021-03-25,2.6685,-1.25
2021-03-26,2.65,-1.85
2021-03-29,2.642,-0.8
2021-03-30,2.639,-0.3
2021-03-31,2.635,-0.4
2021-04-01,2.635,0.0
2021-04-02,2.634,-0.1
2021-04-06,2.629,-0.5
2021-04-07,2.62,-0.9
2021-04-08,2.615,-0.5
2021-04-09,2.612,-0.3
2021-04-12,2.608,-0.4
2021-04-13,2.605,-0.3
2021-04-14,2.603,-0.2
2021-04-15,2.602,-0.1
2021-04-16,2.601,-0.1
2021-04-19,2.6,-0.1
2021-04-20,2.6,0.0
2021-04-21,2.6,0.0
2021-04-22,2.6,0.0
2021-04-23,2.6,0.0
2021-04-25,2.595,-0.5
2021-04-26,2.594,-0.1
2021-04-27,2.592,-0.2
2021-04-28,2.592,0.0
2021-04-29,2.585,-0.7
2021-04-30,2.58,-0.5
2021-05-06,2.576,-0.4
2021-05-07,2.569,-0.7
2021-05-08,2.556,-1.3
2021-05-10,2.542,-1.4
2021-05-11,2.536,-0.6
2021-05-12,2.532,-0.4
2021-05-13,2.525,-0.7
2021-05-14,2.521,-0.4
2021-05-17,2.514,-0.7
2021-05-18,2.51,-0.4
2021-05-19,2.505,-0.5
2021-05-20,2.497,-0.8
2021-05-21,2.489,-0.8
2021-05-24,2.49,0.1
2021-05-25,2.485,-0.5
2021-05-26,2.479,-0.6
2021-05-27,2.474,-0.5
2021-05-28,2.476,0.2
2021-05-31,2.479,0.3
2021-06-01,2.478,-0.1
2021-06-02,2.469,-0.9
2021-06-03,2.454,-1.5
2021-06-04,2.444,-1.0
2021-06-07,2.446,0.2
2021-06-08,2.443,-0.3
2021-06-09,2.442,-0.1
2021-06-10,2.435,-0.7
2021-06-11,2.434,-0.1
2021-06-15,2.434,0.0
2021-06-16,2.439,0.5
2021-06-17,2.441,0.2
2021-06-18,2.444,0.3
2021-06-21,2.449,0.5
2021-06-22,2.457,0.8
2021-06-23,2.457,0.0
2021-06-24,2.455,-0.2
2021-06-25,2.456,0.1
2021-06-28,2.457,0.1
2021-06-29,2.458,0.1
2021-06-30,2.458,0.0
2021-07-01,2.457,-0.1
2021-07-02,2.449,-0.8
2021-07-05,2.444,-0.5
2021-07-06,2.442,-0.2
2021-07-07,2.442,0.0
2021-07-08,2.435,-0.7
2021-07-09,2.435,0.0
2021-07-12,2.428,-0.7
2021-07-13,2.423,-0.5
2021-07-14,2.414,-0.9
2021-07-15,2.405,-0.9
2021-07-16,2.404,-0.1
2021-07-19,2.401,-0.3
2021-07-20,2.402,0.1
2021-07-21,2.402,0.0
2021-07-22,2.402,0.0
2021-07-23,2.402,0.0
2021-07-26,2.402,0.0
2021-07-27,2.401,-0.1
2021-07-28,2.401,0.0
2021-07-29,2.401,0.0
2021-07-30,2.401,0.0
2021-08-02,2.4,-0.1
2021-08-03,2.394,-0.6
2021-08-04,2.385,-0.9
2021-08-05,2.373,-1.2
2021-08-06,2.368,-0.5
2021-08-09,2.36,-0.8
2021-08-10,2.365,0.5
2021-08-11,2.363,-0.2
2021-08-12,2.36,-0.3
2021-08-13,2.359,-0.1
2021-08-16,2.355,-0.4
2021-08-17,2.355,0.0
2021-08-18,2.355,0.0
2021-08-19,2.354,-0.1
2021-08-20,2.353,-0.1
2021-08-23,2.353,0.0
2021-08-24,2.353,0.0
2021-08-25,2.354,0.1
2021-08-26,2.354,0.0
2021-08-27,2.354,0.0
2021-08-30,2.355,0.1
2021-08-31,2.357,0.2
2021-09-01,2.358,0.1
2021-09-02,2.356,-0.2
2021-09-03,2.356,0.0
2021-09-06,2.355,-0.1
2021-09-07,2.355,0.0
2021-09-08,2.357,0.2
2021-09-09,2.357,0.0
2021-09-10,2.357,0.0
2021-09-13,2.357,0.0
2021-09-14,2.361,0.4
2021-09-15,2.363,0.2
2021-09-16,2.365,0.2
2021-09-17,2.372,0.7
2021-09-18,2.378,0.6
2021-09-22,2.385,0.7
2021-09-23,2.39,0.5
2021-09-24,2.397,0.7
2021-09-26,2.404,0.7
2021-09-27,2.408,0.4
2021-09-28,2.417,0.9
2021-09-29,2.427,1.0
2021-09-30,2.431,0.4
2021-10-08,2.433,0.2
2021-10-09,2.425,-0.8
2021-10-11,2.423,-0.2
2021-10-12,2.423,0.0
2021-10-13,2.42,-0.3
2021-10-14,2.423,0.3
2021-10-15,2.4222,-0.08
2021-10-18,2.422,-0.02
2021-10-19,2.428,0.6
2021-10-20,2.431,0.3
2021-10-21,2.432,0.1
2021-10-22,2.434,0.2
2021-10-25,2.438,0.4
2021-10-26,2.443,0.5
2021-10-27,2.445,0.2
2021-10-28,2.448,0.3
2021-10-29,2.449,0.1
2021-11-01,2.449,0.0
2021-11-02,2.45,0.1
2021-11-03,2.452,0.2
2021-11-04,2.451,-0.1
2021-11-05,2.451,0.0
2021-11-08,2.452,0.1
2021-11-09,2.454,0.2
2021-11-10,2.454,0.0
2021-11-11,2.454,0.0
2021-11-12,2.454,0.0
2021-11-15,2.46,0.6
2021-11-16,2.463,0.3
2021-11-17,2.467,0.4
2021-11-18,2.473,0.6
2021-11-19,2.475,0.2
2021-11-22,2.477,0.2
2021-11-23,2.48,0.3
2021-11-24,2.482,0.2
2021-11-25,2.484,0.2
2021-11-26,2.486,0.2
2021-11-29,2.489,0.3
2021-11-30,2.492,0.3
2021-12-01,2.494,0.2
2021-12-02,2.496,0.2
2021-12-03,2.499,0.3
2021-12-06,2.492,-0.7
2021-12-07,2.488,-0.4
2021-12-08,2.489,0.1
2021-12-09,2.49,0.1
2021-12-10,2.492,0.2
2021-12-13,2.493,0.1
2021-12-14,2.493,0.0
2021-12-15,2.493,0.0
2021-12-16,2.491,-0.2
2021-12-17,2.492,0.1
2021-12-20,2.492,0.0
2021-12-21,2.493,0.1
2021-12-22,2.494,0.1
2021-12-23,2.496,0.2
2021-12-24,2.5,0.4
2021-12-27,2.5,0.0
2021-12-28,2.5,0.0
2021-12-29,2.5,0.0
2021-12-30,2.501,0.1
2021-12-31,2.5,-0.1
2022-01-04,2.5,0.0
2022-01-05,2.5,0.0
2022-01-06,2.5,0.0
2022-01-07,2.5,0.0
2022-01-10,2.5,0.0
2022-01-11,2.5,0.0
2022-01-12,2.5,0.0
2022-01-13,2.5,0.0
2022-01-14,2.5,0.0
2022-01-17,2.499,-0.1
2022-01-18,2.493,-0.6
2022-01-19,2.483,-1.0
2022-01-20,2.471,-1.2
2022-01-21,2.466,-0.5
2022-01-24,2.465,-0.1
2022-01-25,2.464,-0.1
2022-01-26,2.46,-0.4
2022-01-27,2.457,-0.3
2022-01-28,2.457,0.0
2022-01-29,2.456,-0.1
2022-01-30,2.456,0.0
2022-02-07,2.454,-0.2
2022-02-08,2.448,-0.6
2022-02-09,2.447,-0.1
2022-02-10,2.442,-0.5
2022-02-11,2.432,-1.0
2022-02-14,2.424,-0.8
2022-02-15,2.415,-0.9
2022-02-16,2.41,-0.5
2022-02-17,2.406,-0.4
2022-02-18,2.4,-0.6
2022-02-21,2.392,-0.8
2022-02-22,2.385,-0.7
2022-02-23,2.383,-0.2
2022-02-24,2.379,-0.4
2022-02-25,2.374,-0.5
2022-02-28,2.37,-0.4
2022-03-01,2.366,-0.4
2022-03-02,2.365,-0.1
2022-03-03,2.363,-0.2
2022-03-04,2.362,-0.1
2022-03-07,2.36,-0.2
2022-03-08,2.361,0.1
2022-03-09,2.359,-0.2
2022-03-10,2.362,0.3
2022-03-11,2.362,0.0
2022-03-14,2.362,0.0
2022-03-15,2.363,0.1
2022-03-16,2.366,0.3
2022-03-17,2.367,0.1
2022-03-18,2.368,0.1
2022-03-21,2.368,0.0
2022-03-22,2.369,0.1
2022-03-23,2.368,-0.1
2022-03-24,2.369,0.1
2022-03-25,2.369,0.0
2022-03-28,2.37,0.1
2022-03-29,2.372,0.2
2022-03-30,2.371,-0.1
2022-03-31,2.373,0.2
2022-04-01,2.372,-0.1
2022-04-02,2.37,-0.2
2022-04-06,2.37,0.0
2022-04-07,2.36,-1.0
2022-04-08,2.363,0.3
2022-04-11,2.357,-0.6
2022-04-12,2.351,-0.6
2022-04-13,2.347,-0.4
2022-04-14,2.343,-0.4
2022-04-15,2.336,-0.7
2022-04-18,2.331,-0.5
2022-04-19,2.327,-0.4
2022-04-20,2.323,-0.4
2022-04-21,2.313,-1.0
2022-04-22,2.305,-0.8
2022-04-24,2.274,-3.1
2022-04-25,2.262,-1.2
2022-04-26,2.252,-1.0
2022-04-27,2.242,-1.0
2022-04-28,2.231,-1.1
2022-04-29,2.217,-1.4
2022-05-05,2.209,-0.8
2022-05-06,2.202,-0.7
2022-05-07,2.195,-0.7
2022-05-09,2.186,-0.9
2022-05-10,2.181,-0.5
2022-05-11,2.173,-0.8
2022-05-12,2.166,-0.7
2022-05-13,2.155,-1.1
2022-05-16,2.145,-1.0
2022-05-17,2.109,-3.6
2022-05-18,2.078,-3.1
2022-05-19,2.067,-1.1
2022-05-20,2.05,-1.7
2022-05-23,2.021,-2.9
2022-05-24,2.013,-0.8
2022-05-25,2.009,-0.4
2022-05-26,1.99,-1.9
2022-05-27,1.995,0.5
2022-05-30,1.997,0.2
2022-05-31,1.998,0.1
2022-06-01,1.998,0.0
2022-06-02,1.999,0.1
2022-06-06,2.001,0.2
2022-06-07,2.003,0.2
2022-06-08,2.003,0.0
2022-06-09,2.003,0.0
2022-06-10,2.0,-0.3
2022-06-13,2.002,0.2
2022-06-14,2.002,0.0
2022-06-15,2.002,0.0
2022-06-16,2.0,-0.2
2022-06-17,2.0,0.0
2022-06-20,2.0,0.0
2022-06-21,2.0,0.0
2022-06-22,2.0,0.0
2022-06-23,2.0,0.0
2022-06-24,2.0,0.0
2022-06-27,2.0,0.0
2022-06-28,2.0,0.0
2022-06-29,2.0,0.0
2022-06-30,2.0,0.0
2022-07-01,2.0,0.0
2022-07-04,2.0,0.0
2022-07-05,2.0,0.0
2022-07-06,1.998,-0.2
2022-07-07,1.995,-0.3
2022-07-08,1.9925,-0.25
2022-07-11,1.9895,-0.3
2022-07-12,1.9855,-0.4
2022-07-13,1.9835,-0.2
2022-07-14,1.979,-0.45
2022-07-15,1.977,-0.2
2022-07-18,1.974,-0.3
2022-07-19,1.948,-2.6
2022-07-20,1.924,-2.4
2022-07-21,1.909,-1.5
2022-07-22,1.893,-1.6
2022-07-25,1.881,-1.2
2022-07-26,1.872,-0.9
2022-07-27,1.863,-0.9
2022-07-28,1.854,-0.9
2022-07-29,1.846,-0.8
2022-08-01,1.825,-2.1
2022-08-02,1.799,-2.6
2022-08-03,1.767,-3.2
2022-08-04,1.729,-3.8
2022-08-05,1.699,-3.0
2022-08-08,1.667,-3.2
2022-08-09,1.647,-2.0
2022-08-10,1.637,-1.0
2022-08-11,1.629,-0.8
2022-08-12,1.622,-0.7
2022-08-15,1.607,-1.5
2022-08-16,1.599,-0.8
2022-08-17,1.598,-0.1
2022-08-18,1.598,0.0
2022-08-19,1.597,-0.1
2022-08-22,1.5956,-0.14
2022-08-23,1.594,-0.16
2022-08-24,1.593,-0.1
2022-08-25,1.593,0.0
2022-08-26,1.594,0.1
2022-08-29,1.596,0.2
2022-08-30,1.599,0.3
2022-08-31,1.6,0.1
2022-09-01,1.6,0.0
2022-09-02,1.6,0.0
2022-09-05,1.6,0.0
2022-09-06,1.6,0.0
2022-09-07,1.6,0.0
2022-09-08,1.601,0.1
2022-09-09,1.6,-0.1
2022-09-13,1.599,-0.1
2022-09-14,1.599,0.0
2022-09-15,1.599,0.0
2022-09-16,1.599,0.0
2022-09-19,1.601,0.2
2022-09-20,1.606,0.5
2022-09-21,1.607,0.1
2022-09-22,1.609,0.2
2022-09-23,1.612,0.3
2022-09-26,1.621,0.9
2022-09-27,1.634,1.3
2022-09-28,1.652,1.8
2022-09-29,1.666,1.4
2022-09-30,1.673,0.7
2022-10-08,1.676,0.3
2022-10-09,1.674,-0.2
2022-10-10,1.679,0.5
2022-10-11,1.678,-0.1
2022-10-12,1.671,-0.7
2022-10-13,1.677,0.6
2022-10-14,1.68,0.3
2022-10-17,1.684,0.4
2022-10-18,1.686,0.2
2022-10-19,1.691,0.5
2022-10-20,1.697,0.6
2022-10-21,1.702,0.5
2022-10-24,1.71,0.8
2022-10-25,1.724,1.4
2022-10-26,1.734,1.0
2022-10-27,1.741,0.7
2022-10-28,1.743,0.2
2022-10-31,1.745,0.2
2022-11-01,1.75,0.5
2022-11-02,1.752,0.2
2022-11-03,1.752,0.0
2022-11-04,1.754,0.2
2022-11-07,1.769,1.5
2022-11-08,1.781,1.2
2022-11-09,1.807,2.6
2022-11-10,1.838,3.1
2022-11-11,1.868,3.0
2022-11-14,1.912,4.4
2022-11-15,2.009,9.7
2022-11-16,2.116,10.7
2022-11-17,2.213,9.7
2022-11-18,2.238,2.5
2022-11-21,2.241,0.3
2022-11-22,2.248,0.7
2022-11-23,2.25,0.2
2022-11-24,2.195,-5.5
2022-11-25,2.188,-0.7
2022-11-28,2.185,-0.3
2022-11-29,2.186,0.1
2022-11-30,2.193,0.7
2022-12-01,2.197,0.4
2022-12-02,2.2,0.3
2022-12-05,2.201,0.1
2022-12-06,2.207,0.6
2022-12-07,2.231,2.4
2022-12-08,2.25,1.9
2022-12-09,2.259,0.9
2022-12-12,2.273,1.4
2022-12-13,2.283,1.0
2022-12-14,2.298,1.5
2022-12-15,2.321,2.3
2022-12-16,2.339,1.8
2022-12-19,2.355,1.6
2022-12-20,2.361,0.6
2022-12-21,2.384,2.3
2022-12-22,2.395,1.1
2022-12-23,2.402,0.7
2022-12-26,2.405,0.3
2022-12-27,2.411,0.6
2022-12-28,2.416,0.5
2022-12-29,2.418,0.2
2022-12-30,2.422,0.4
2023-01-03,2.415,-0.7
2023-01-04,2.38,-3.5
2023-01-05,2.352,-2.8
2023-01-06,2.335,-1.7
2023-01-09,2.331,-0.4
2023-01-10,2.338,0.7
2023-01-11,2.347,0.9
2023-01-12,2.353,0.6
2023-01-13,2.353,0.0
2023-01-16,2.356,0.3
2023-01-17,2.366,1.0
2023-01-18,2.374,0.8
2023-01-19,2.376,0.2
2023-01-20,2.377,0.1
2023-01-28,2.373,-0.4
2023-01-29,2.367,-0.6
2023-01-30,2.365,-0.2
2023-01-31,2.364,-0.1
2023-02-01,2.362,-0.2
2023-02-02,2.36,-0.2
2023-02-03,2.357,-0.3
2023-02-06,2.359,0.2
2023-02-07,2.36,0.1
2023-02-08,2.365,0.5
2023-02-09,2.37,0.5
2023-02-10,2.371,0.1
2023-02-13,2.371,0.0
2023-02-14,2.373,0.2
2023-02-15,2.379,0.6
2023-02-16,2.383,0.4
2023-02-17,2.385,0.2
2023-02-20,2.392,0.7
2023-02-21,2.397,0.5
2023-02-22,2.403,0.6
2023-02-23,2.406,0.3
2023-02-24,2.416,1.0
2023-02-27,2.423,0.7
2023-02-28,2.437,1.4
2023-03-01,2.45,1.3
2023-03-02,2.459,0.9
2023-03-03,2.466,0.7
2023-03-06,2.469,0.3
2023-03-07,2.476,0.7
2023-03-08,2.486,1.0
2023-03-09,2.491,0.5
2023-03-10,2.497,0.6
2023-03-13,2.498,0.1
2023-03-14,2.499,0.1
2023-03-15,2.5,0.1
2023-03-16,2.5,0.0
2023-03-17,2.5,0.0
2023-03-20,2.492,-0.8
2023-03-21,2.487,-0.5
2023-03-22,2.479,-0.8
2023-03-23,2.476,-0.3
2023-03-24,2.473,-0.3
2023-03-27,2.468,-0.5
2023-03-28,2.464,-0.4
2023-03-29,2.456,-0.8
2023-03-30,2.454,-0.2
2023-03-31,2.448,-0.6
2023-04-03,2.429,-1.9
2023-04-04,2.423,-0.6
2023-04-06,2.414,-0.9
2023-04-07,2.41,-0.4
2023-04-10,2.414,0.4
2023-04-11,2.415,0.1
2023-04-12,2.418,0.3
2023-04-13,2.421,0.3
2023-04-14,2.422,0.1
2023-04-17,2.424,0.2
2023-04-18,2.426,0.2
2023-04-19,2.432,0.6
2023-04-20,2.429,-0.3
2023-04-21,2.429,0.0
2023-04-23,2.429,0.0
2023-04-24,2.43,0.1
2023-04-25,2.43,0.0
2023-04-26,2.43,0.0
2023-04-27,2.43,0.0
2023-04-28,2.428,-0.2
2023-05-04,2.414,-1.4
2023-05-05,2.401,-1.3
2023-05-06,2.393,-0.8
2023-05-08,2.386,-0.7
2023-05-09,2.377,-0.9
2023-05-10,2.363,-1.4
2023-05-11,2.349,-1.4
2023-05-12,2.325,-2.4
2023-05-15,2.311,-1.4
2023-05-16,2.294,-1.7
2023-05-17,2.288,-0.6
2023-05-18,2.278,-1.0
2023-05-19,2.269,-0.9
2023-05-22,2.262,-0.7
2023-05-23,2.255,-0.7
2023-05-24,2.252,-0.3
2023-05-25,2.243,-0.9
2023-05-26,2.238,-0.5
2023-05-29,2.233,-0.5
2023-05-30,2.223,-1.0
2023-05-31,2.219,-0.4
2023-06-01,2.213,-0.6
2023-06-02,2.199,-1.4
2023-06-05,2.193,-0.6
2023-06-06,2.186,-0.7
2023-06-07,2.181,-0.5
2023-06-08,2.177,-0.4
2023-06-09,2.161,-1.6
2023-06-12,2.148,-1.3
2023-06-13,2.134,-1.4
2023-06-14,2.12,-1.4
2023-06-15,2.106,-1.4
2023-06-16,2.105,-0.1
2023-06-19,2.114,0.9
2023-06-20,2.126,1.2
2023-06-21,2.135,0.9
2023-06-25,2.144,0.9
2023-06-26,2.148,0.4
2023-06-27,2.155,0.7
2023-06-28,2.161,0.6
2023-06-29,2.167,0.6
2023-06-30,2.168,0.1
2023-07-03,2.165,-0.3
2023-07-04,2.164,-0.1
2023-07-05,2.158,-0.6
2023-07-06,2.147,-1.1
2023-07-07,2.138,-0.9
2023-07-10,2.128,-1.0
2023-07-11,2.118,-1.0
2023-07-12,2.109,-0.9
2023-07-13,2.107,-0.2
2023-07-14,2.101,-0.6
2023-07-17,2.1,-0.1
2023-07-18,2.1,0.0
2023-07-19,2.1,0.0
2023-07-20,2.1,0.0
2023-07-21,2.1,0.0
2023-07-24,2.1,0.0
2023-07-25,2.1,0.0
2023-07-26,2.099,-0.1
2023-07-27,2.098,-0.1
2023-07-28,2.098,0.0
2023-07-31,2.097,-0.1
2023-08-01,2.098,0.1
2023-08-02,2.098,0.0
2023-08-03,2.092,-0.6
2023-08-04,2.085,-0.7
2023-08-07,2.08,-0.5
2023-08-08,2.075,-0.5
2023-08-09,2.074,-0.1
2023-08-10,2.067,-0.7
2023-08-11,2.065,-0.2
2023-08-14,2.063,-0.2
2023-08-15,2.045,-1.8
2023-08-16,2.04,-0.5
2023-08-17,2.03,-1.0
2023-08-18,2.026,-0.4
2023-08-21,2.024,-0.2
2023-08-22,2.019,-0.5
2023-08-23,2.016,-0.3
2023-08-24,2.016,0.0
2023-08-25,2.014,-0.2
2023-08-28,2.02,0.6
2023-08-29,2.028,0.8
2023-08-30,2.036,0.8
2023-08-31,2.043,0.7
2023-09-01,2.044,0.1
2023-09-04,2.044,0.0
2023-09-05,2.046,0.2
2023-09-06,2.052,0.6
2023-09-07,2.067,1.5
2023-09-08,2.081,1.4
2023-09-11,2.094,1.3
2023-09-12,2.104,1.0
2023-09-13,2.117,1.3
2023-09-14,2.144,2.7
2023-09-15,2.165,2.1
2023-09-18,2.194,2.9
2023-09-19,2.221,2.7
2023-09-20,2.243,2.2
2023-09-21,2.26,1.7
2023-09-22,2.273,1.3
2023-09-25,2.282,0.9
2023-09-26,2.294,1.2
2023-09-27,2.303,0.9
2023-09-28,2.302,-0.1
2023-10-07,2.3,-0.2
2023-10-08,2.3,0.0
2023-10-09,2.3,0.0
2023-10-10,2.302,0.2
2023-10-11,2.304,0.2
2023-10-12,2.305,0.1
2023-10-13,2.308,0.3
2023-10-16,2.309,0.1
2023-10-17,2.313,0.4
2023-10-18,2.321,0.8
2023-10-19,2.333,1.2
2023-10-20,2.34,0.7
2023-10-23,2.35,1.0
2023-10-24,2.364,1.4
2023-10-25,2.378,1.4
2023-10-26,2.39,1.2
2023-10-27,2.399,0.9
2023-10-30,2.406,0.7
2023-10-31,2.415,0.9
2023-11-01,2.421,0.6
2023-11-02,2.426,0.5
2023-11-03,2.43,0.4
2023-11-06,2.438,0.8
2023-11-07,2.445,0.7
2023-11-08,2.449,0.4
2023-11-09,2.45,0.1
2023-11-10,2.451,0.1
2023-11-13,2.451,0.0
2023-11-14,2.452,0.1
2023-11-15,2.453,0.1
2023-11-16,2.457,0.4
2023-11-17,2.4611,0.41
2023-11-20,2.461,-0.01
2023-11-21,2.461,0.0
2023-11-22,2.462,0.1
2023-11-23,2.462,0.0
2023-11-24,2.462,0.0
2023-11-27,2.463,0.1
2023-11-28,2.465,0.2
2023-11-29,2.481,1.6
2023-11-30,2.493,1.2
2023-12-01,2.503,1.0
2023-12-04,2.519,1.6
2023-12-05,2.533,1.4
2023-12-06,2.537,0.4
2023-12-07,2.554,1.7
2023-12-08,2.564,1.0
2023-12-11,2.572,0.8
2023-12-12,2.585,1.3
2023-12-13,2.593,0.8
2023-12-14,2.597,0.4
2023-12-15,2.601,0.4
2023-12-18,2.603,0.2
2023-12-19,2.601,-0.2
2023-12-20,2.601,0.0
2023-12-21,2.604,0.3
2023-12-22,2.604,0.0
2023-12-25,2.601,-0.3
2023-12-26,2.6,-0.1
2023-12-27,2.59,-1.0
2023-12-28,2.556,-3.4
2023-12-29,2.53,-2.6
2024-01-02,2.45,-8.0
2024-01-03,2.423,-2.7
2024-01-04,2.399,-2.4
2024-01-05,2.396,-0.3
2024-01-08,2.396,0.0
2024-01-09,2.397,0.1
2024-01-10,2.4,0.3
2024-01-11,2.4,0.0
2024-01-12,2.4,0.0
2024-01-15,2.4,0.0
