融资买入额,融资余额,融券卖出量,融券余量,融券余额,融资融券余额
233.69,7448.64,2.78,29.85,249.76,7698.4
265.21,7470.29,3.07,29.64,251.39,7721.69
208.7,7470.24,2.74,29.74,246.51,7716.75
220.43,7486.71,3.0,29.63,246.21,7732.93
218.98,7499.56,2.64,29.17,242.32,7741.89
239.5,7498.11,2.45,29.19,246.16,7744.27
233.95,7547.85,2.5,29.07,248.66,7796.51
265.9,7536.97,2.78,29.06,250.56,7787.54
297.08,7526.46,2.73,28.76,249.73,7776.19
317.11,7496.72,2.7,28.83,251.74,7748.46
351.44,7527.37,3.17,29.75,257.33,7784.7
209.83,7516.14,3.02,29.82,251.16,7767.3
209.01,7511.05,2.03,29.39,248.57,7759.62
212.39,7520.33,2.17,29.24,251.78,7772.12
270.56,7516.88,2.54,29.14,250.08,7766.96
264.32,7565.63,2.48,29.17,254.54,7820.17
217.24,7554.57,2.38,29.08,252.45,7807.02
220.91,7573.3,2.4,29.17,263.85,7837.16
231.35,7568.12,2.12,29.03,264.22,7832.34
266.59,7578.11,2.43,29.13,269.8,7847.92
273.44,7595.07,2.15,28.82,269.97,7865.04
294.74,7612.09,2.21,28.81,268.06,7880.15
322.35,7605.9,2.0,28.77,269.24,7875.15
356.46,7588.53,1.91,29.17,272.37,7860.9
347.69,7565.44,2.02,29.82,272.53,7837.98
305.61,7585.44,1.93,30.01,270.07,7855.52
314.69,7585.46,2.4,30.1,271.0,7856.46
318.16,7585.95,2.04,29.65,266.01,7851.97
354.9,7590.95,1.9,29.57,269.17,7860.12
344.86,7585.24,2.33,30.02,274.92,7860.17
278.54,7586.99,2.47,30.55,280.76,7867.76
313.68,7607.41,1.99,30.25,282.84,7890.25
297.55,7591.36,1.99,30.19,284.9,7876.26
304.8,7586.42,2.35,30.23,282.27,7868.7
322.59,7580.91,2.33,30.13,281.73,7862.64
353.7,7608.9,2.28,30.22,285.55,7894.45
385.15,7602.27,2.22,30.25,281.47,7883.75
455.92,7599.18,2.43,30.51,287.62,7886.81
432.15,7586.08,2.27,30.43,288.59,7874.67
351.1,7537.8,2.2,30.92,292.79,7830.6
382.54,7540.21,2.82,31.11,295.07,7835.29
486.63,7528.23,2.51,30.49,299.51,7827.75
418.28,7503.92,2.19,30.42,296.25,7800.18
396.28,7473.51,2.22,30.51,296.95,7770.47
346.76,7442.15,2.41,30.69,294.07,7736.22
423.38,7451.68,2.42,30.54,297.15,7748.83
486.5,7443.3,2.78,30.31,295.88,7739.18
464.07,7401.52,2.62,29.56,292.32,7693.84
476.38,7366.7,2.39,28.97,291.3,7658.0
329.29,7333.64,2.38,29.51,292.96,7626.61
296.88,7343.98,2.07,30.24,297.31,7641.29
312.88,7348.09,2.0,30.35,303.14,7651.23
381.53,7336.17,2.03,30.62,308.56,7644.74
446.83,7315.57,1.99,30.57,309.27,7624.84
407.41,7265.03,2.44,30.99,311.1,7576.14
350.96,7266.55,2.81,30.91,305.56,7572.12
340.53,7261.28,2.58,30.38,303.85,7565.14
306.53,7252.06,2.28,30.34,302.12,7554.19
272.21,7238.55,2.42,30.31,296.3,7534.85
264.39,7252.42,2.02,30.19,301.44,7553.87
307.78,7283.12,1.94,30.9,311.25,7594.37
315.98,7305.69,2.05,30.88,314.96,7620.65
297.82,7318.78,1.74,30.7,318.17,7636.95
357.44,7310.8,1.85,30.71,318.16,7628.97
362.35,7288.56,1.71,30.87,323.31,7611.87
382.1,7297.16,1.92,30.64,323.27,7620.43
385.06,7268.97,2.18,30.38,316.35,7585.33
347.07,7230.05,1.85,29.72,307.89,7537.94
359.27,7196.61,1.79,29.14,301.84,7498.46
272.7,7138.36,1.0,28.56,296.51,7434.88
298.21,7225.25,1.61,30.23,310.34,7535.59
264.29,7213.61,1.7,31.01,316.03,7529.65
295.98,7214.79,1.96,31.16,317.29,7532.08
314.92,7192.86,2.1,31.16,321.46,7514.33
208.74,7184.01,2.01,31.53,313.92,7497.93
200.88,7179.95,1.98,31.91,316.42,7496.38
223.71,7179.69,2.11,32.11,321.83,7501.53
260.64,7177.47,2.38,32.17,326.41,7503.88
271.41,7167.32,2.2,32.36,326.89,7494.22
259.16,7163.79,2.71,32.9,331.65,7495.44
294.81,7148.39,2.35,32.72,331.78,7480.18
326.81,7130.2,2.43,32.48,335.03,7465.23
430.35,7082.8,2.77,32.34,335.12,7417.93
235.78,6947.19,2.34,32.0,331.46,7278.65
245.73,6970.5,2.55,32.33,331.06,7301.57
261.31,6980.9,3.07,32.1,336.15,7317.05
264.15,6975.92,2.19,31.38,330.7,7306.62
280.93,6969.98,2.29,31.47,335.37,7305.36
229.43,6955.18,2.2,31.64,334.43,7289.62
253.52,6978.8,2.7,31.76,341.37,7320.18
337.25,6991.03,2.82,31.65,343.38,7334.41
350.54,6985.1,3.57,31.69,341.68,7326.78
392.23,6981.81,3.66,31.27,330.1,7311.91
218.05,6950.01,3.17,30.53,318.16,7268.17
244.23,7002.42,2.48,29.88,326.61,7329.03
217.83,7018.57,2.24,29.49,321.8,7340.37
261.09,7031.12,2.25,29.4,326.05,7357.17
192.95,7031.21,2.03,29.39,318.9,7350.12
226.95,7045.17,2.09,29.48,322.03,7367.21
356.52,6835.09,1.69,30.29,338.3,7173.4
471.47,6808.68,1.46,30.11,342.28,7150.96
267.58,6708.52,1.11,30.16,341.6,7050.13
257.19,6806.29,1.35,31.0,349.92,7156.21
226.94,6820.58,1.25,31.19,350.44,7171.02
253.19,6831.11,1.27,31.55,355.44,7186.56
334.0,6830.21,1.66,31.93,361.43,7191.65
244.89,6832.18,1.42,32.43,364.91,7197.1
243.31,6852.34,1.41,32.37,366.15,7218.5
268.09,6859.25,1.49,32.38,367.61,7226.87
271.16,6862.11,1.65,32.4,372.28,7234.4
282.37,6866.29,1.47,32.3,369.48,7235.78
307.04,6858.04,1.71,32.25,366.91,7224.96
325.67,6874.27,1.72,32.35,365.17,7239.45
268.46,6861.14,1.76,32.24,367.76,7228.91
278.45,6851.52,1.74,32.15,384.29,7235.82
172.55,6819.96,1.78,32.38,383.98,7203.95
187.32,6856.87,1.85,32.38,380.77,7237.64
206.53,6865.11,1.95,32.04,370.51,7235.62
227.54,6880.02,2.05,31.45,364.54,7244.57
218.26,6890.38,1.66,30.93,352.61,7243.0
185.39,6883.82,1.82,31.17,344.0,7227.82
214.38,6914.36,1.79,30.92,343.86,7258.22
184.67,6941.07,2.03,30.66,346.35,7287.42
209.27,6962.43,1.91,30.33,342.61,7305.04
270.83,6964.38,2.06,30.73,349.92,7314.31
269.18,6970.7,1.77,30.6,352.45,7323.15
293.28,6994.21,1.82,30.59,356.14,7350.36
291.59,6975.89,2.19,30.47,349.34,7325.23
301.51,6982.36,1.94,29.94,347.36,7329.72
330.72,6973.76,1.44,29.72,349.1,7322.87
342.55,6954.29,1.67,29.93,357.47,7311.77
319.52,6970.02,1.77,29.99,359.44,7329.46
374.78,6970.72,1.75,29.87,358.35,7329.08
379.11,6954.67,1.64,29.85,355.23,7309.9
401.02,6947.05,1.97,29.83,353.18,7300.24
314.63,6916.44,1.5,29.84,357.02,7273.46
387.94,6925.56,2.31,31.33,375.15,7300.71
337.63,6929.33,2.74,31.27,374.28,7303.61
346.15,6922.79,2.6,30.93,374.84,7297.63
247.06,6913.58,1.83,30.8,371.19,7284.78
234.05,6920.05,1.93,31.05,378.64,7298.7
270.89,6954.68,1.75,31.23,383.69,7338.37
289.65,6946.3,2.14,31.22,384.34,7330.65
323.33,6943.41,2.24,31.38,390.04,7333.46
326.87,6940.78,1.79,30.94,395.15,7335.93
392.05,6904.56,2.18,31.31,401.11,7305.68
358.02,6910.88,2.19,31.65,411.07,7321.95
369.15,6897.25,1.99,31.44,410.07,7307.32
415.4,6879.92,2.52,31.76,413.85,7293.78
380.84,6865.25,2.0,31.3,398.47,7263.73
464.38,6863.44,2.6,31.74,401.06,7264.51
313.54,6887.68,2.31,31.42,386.11,7273.8
309.89,6879.24,2.17,30.86,379.75,7258.99
323.4,6859.94,1.89,30.5,381.31,7241.26
399.44,6829.29,1.9,30.32,379.81,7209.11
448.82,6806.77,2.65,30.54,383.66,7190.43
335.1,6795.21,1.75,30.62,379.15,7174.37
388.33,6774.1,2.43,31.74,383.04,7157.15
336.98,6767.68,2.99,31.71,379.24,7146.92
275.74,6740.8,2.25,31.01,368.65,7109.46
273.67,6725.88,3.09,35.29,365.82,7091.71
315.23,6777.71,2.38,34.24,370.11,7147.83
319.47,6776.83,3.14,34.0,365.45,7142.28
247.49,6755.64,4.01,34.06,360.17,7115.82
285.64,6748.34,2.97,32.32,360.22,7108.56
189.21,6730.25,4.74,31.49,365.99,7096.24
231.8,6746.49,3.68,28.56,366.94,7113.43
228.37,6750.23,3.08,26.72,365.73,7115.97
250.2,6744.53,2.07,25.37,369.11,7113.65
245.74,6729.67,1.48,24.58,360.1,7089.77
267.09,6719.2,1.81,24.73,358.36,7077.57
202.65,6733.77,1.9,24.75,346.17,7079.95
207.25,6734.24,1.98,24.31,342.21,7076.45
140.96,6726.94,1.64,24.11,326.79,7053.74
158.63,6730.45,1.67,23.89,319.52,7049.98
124.99,6729.39,1.61,23.76,326.92,7056.31
155.41,6810.41,1.51,24.24,340.02,7150.44
163.28,6828.83,1.62,24.44,343.98,7172.81
179.91,6859.55,1.64,24.49,355.49,7215.05
164.22,6868.32,1.59,24.74,352.35,7220.68
178.67,6898.17,1.53,25.25,357.07,7255.25
180.48,6930.99,1.55,25.37,361.5,7292.5
174.79,6940.0,1.67,25.42,364.02,7304.02
194.7,6934.38,1.65,25.36,367.96,7302.34
172.52,6932.13,1.75,25.33,361.8,7293.94
215.84,6942.01,1.89,25.29,363.02,7305.04
275.88,6968.64,2.21,25.21,366.68,7335.33
219.57,6996.99,1.48,24.63,371.34,7368.33
223.96,6996.86,1.53,24.64,373.8,7370.67
229.71,6994.44,1.44,24.54,372.99,7367.44
236.62,7022.48,1.44,25.0,376.98,7399.46
271.08,7024.15,1.85,24.96,380.97,7405.12
274.23,7010.18,1.87,24.66,373.04,7383.23
213.17,6996.61,1.82,24.57,369.27,7365.89
203.24,6988.95,1.82,24.39,366.42,7355.38
207.24,7007.61,1.96,24.29,366.52,7374.13
273.67,7029.16,1.99,24.11,370.9,7400.07
239.28,7079.41,1.84,24.39,377.34,7456.76
349.47,7724.13,1.03,21.2,341.22,8065.36
272.69,7686.24,1.1,21.77,345.38,8031.62
324.08,7701.77,0.97,22.15,350.88,8052.66
274.05,7698.04,0.98,22.05,346.83,8044.88
265.38,7681.0,0.98,21.97,344.88,8025.89
285.83,7684.6,1.0,21.97,339.6,8024.2
307.09,7681.61,0.98,22.04,341.64,8023.25
301.8,7705.87,0.96,22.35,347.71,8053.58
321.81,7702.61,1.19,22.46,349.37,8051.99
276.86,7679.91,1.02,22.2,340.72,8020.63
260.68,7678.89,0.93,21.98,339.66,8018.56
207.37,7655.44,0.97,21.89,337.51,7992.95
246.8,7801.54,1.03,22.27,347.94,8149.48
222.41,7848.65,1.16,22.57,364.46,8213.11
295.48,7890.93,1.08,22.47,366.77,8257.7
287.17,7945.66,0.78,22.71,377.82,8323.49
307.08,7951.48,0.99,23.31,385.8,8337.28
370.78,8017.86,0.97,23.3,394.62,8412.48
375.99,8067.6,0.9,23.21,393.83,8461.44
417.83,8068.27,1.03,23.44,404.32,8472.59
436.05,8085.98,0.84,23.4,402.88,8488.87
369.31,8053.86,0.83,23.45,398.54,8452.41
389.01,8080.31,0.79,23.32,397.66,8477.97
379.1,8073.85,0.87,23.4,404.13,8477.99
356.1,8068.66,1.08,23.52,401.75,8470.42
363.86,8076.63,0.84,23.32,405.19,8481.82
414.48,8068.88,0.9,23.82,406.28,8475.17
403.23,8137.66,1.05,24.0,409.52,8547.19
470.56,8121.54,1.09,23.93,410.43,8531.98
498.07,8129.7,1.08,24.04,418.6,8548.31
391.51,8089.76,1.14,24.4,426.13,8515.89
384.94,8128.0,1.52,24.23,425.41,8553.42
354.95,8125.25,1.1,23.68,415.87,8541.12
374.14,8115.74,1.17,23.54,420.38,8536.13
386.73,8105.22,1.08,23.43,415.08,8520.3
438.69,8092.42,1.13,23.29,415.23,8507.65
408.24,8129.77,1.17,23.21,417.29,8547.07
393.13,8125.62,1.35,22.9,413.56,8539.18
344.21,8118.21,1.1,22.33,403.99,8522.2
412.63,8124.96,1.25,22.01,397.72,8522.68
403.64,8137.07,1.17,21.83,403.68,8540.75
430.62,8163.02,1.2,21.42,407.14,8570.17
414.53,8155.48,1.15,21.13,402.01,8557.5
414.5,8156.25,0.67,20.84,404.08,8560.34
477.05,8150.26,0.69,21.05,406.82,8557.09
412.73,8139.46,0.6,21.13,406.85,8546.31
467.91,8136.59,0.73,21.49,413.88,8550.47
403.85,8143.52,0.81,21.74,412.18,8555.71
422.18,8134.85,0.78,21.67,406.19,8541.05
444.96,8151.0,1.11,22.07,413.09,8564.1
412.16,8156.75,0.96,22.26,424.01,8580.76
425.07,8164.88,0.88,22.79,428.8,8593.69
429.57,8166.44,0.8,24.16,451.95,8618.39
476.21,8154.7,0.83,25.32,466.89,8621.59
441.55,8136.5,0.74,25.95,478.04,8614.55
435.59,8133.6,0.78,26.67,487.34,8620.95
439.4,8156.11,0.7,26.88,493.12,8649.23
503.1,8141.05,0.82,27.11,499.16,8640.21
482.41,8107.44,0.86,27.45,505.52,8612.96
535.54,8088.02,1.06,27.91,510.68,8598.7
443.11,8033.86,1.11,27.94,506.63,8540.49
443.06,8041.88,1.03,28.42,506.51,8548.39
420.51,8039.36,0.83,28.8,515.89,8555.26
417.37,8014.5,0.94,29.02,515.37,8529.88
456.82,8030.41,0.92,29.27,520.22,8550.64
454.9,8010.35,1.05,29.52,526.64,8537.0
442.64,7994.82,0.93,29.75,531.65,8526.48
438.87,7986.51,1.04,29.91,523.52,8510.04
399.6,7972.28,0.99,30.18,526.94,8499.22
403.14,7958.85,0.89,30.76,534.0,8492.86
427.87,7915.1,1.28,30.98,537.24,8452.34
412.17,7947.83,0.84,31.01,543.98,8491.82
343.23,7927.03,1.03,31.92,549.35,8476.39
431.08,7935.24,1.08,32.16,555.47,8490.71
431.51,7963.39,1.06,32.46,562.47,8525.86
394.31,7929.55,1.08,32.5,557.01,8486.57
377.74,7937.25,0.9,33.01,560.79,8498.05
392.26,7989.57,1.17,34.54,594.71,8584.29
412.86,7998.28,1.11,34.53,605.76,8604.04
400.59,7996.01,1.03,34.67,612.66,8608.67
359.44,7955.36,1.04,34.75,609.84,8565.2
352.51,7985.91,0.98,34.71,610.47,8596.38
388.43,7989.01,0.99,34.82,613.36,8602.38
356.87,7970.84,0.97,34.78,616.46,8587.3
356.07,7954.89,0.97,34.75,609.41,8564.3
363.67,7934.62,1.04,34.63,607.02,8541.64
329.75,7956.72,0.99,34.56,602.68,8559.41
322.82,7938.58,1.05,34.31,600.64,8539.23
326.49,7948.54,1.03,34.12,590.82,8539.37
350.37,7969.44,0.97,33.86,595.41,8564.86
406.7,7947.39,0.84,33.69,592.91,8540.31
317.82,7890.86,0.83,33.59,583.85,8474.71
363.06,7984.52,0.83,34.2,585.99,8570.51
337.69,8031.43,0.97,34.49,600.46,8631.89
482.94,8050.46,1.27,34.54,603.16,8653.62
452.71,8106.99,1.53,34.47,606.46,8713.45
473.29,8147.04,1.41,34.11,608.04,8755.08
429.3,8140.1,1.0,33.62,598.63,8738.73
500.25,8113.17,1.15,33.66,607.73,8720.9
438.08,7433.74,0.92,27.42,554.91,7988.65
494.04,7442.18,0.99,27.23,550.44,7992.62
643.02,7471.34,1.16,27.13,566.63,8037.98
570.27,7449.44,0.92,26.99,561.09,8010.53
585.99,7449.92,1.28,27.11,563.22,8013.14
442.8,7416.5,1.46,26.55,547.74,7964.24
498.73,7402.0,0.94,25.78,530.75,7932.76
515.41,7394.33,1.1,26.1,540.67,7935.01
483.19,7349.29,1.0,26.05,536.5,7885.79
554.74,7359.29,1.14,26.11,538.52,7897.82
659.79,7377.76,1.01,25.76,546.11,7923.88
586.48,7376.95,1.08,26.07,556.51,7933.47
619.4,7354.77,1.0,26.62,553.22,7907.99
559.05,7336.09,0.94,27.0,563.57,7899.66
614.91,7349.99,1.19,27.17,562.46,7912.46
571.09,7315.78,0.87,26.93,546.58,7862.36
653.51,7290.8,1.16,26.83,542.02,7832.82
635.79,7252.3,1.14,26.63,523.3,7775.61
441.19,7136.57,1.25,26.44,513.28,7649.85
401.24,7143.58,1.07,25.92,503.02,7646.61
367.85,7129.62,1.02,25.55,488.75,7618.37
385.3,7165.79,1.15,25.31,488.91,7654.71
370.94,7155.61,0.96,24.84,482.74,7638.35
396.86,7167.54,1.16,24.61,476.21,7643.75
440.38,7161.31,0.95,24.04,469.65,7630.97
447.28,7142.12,1.09,23.62,455.98,7598.11
419.46,7140.13,0.69,23.14,454.62,7594.75
340.64,7124.63,1.09,23.06,447.29,7571.92
343.32,7116.85,0.8,22.5,442.23,7559.08
291.99,7102.5,0.85,22.37,434.2,7536.71
300.8,7105.76,0.83,22.01,424.04,7529.81
283.66,7110.41,0.58,21.83,418.92,7529.34
310.21,7102.79,0.55,21.62,411.26,7514.06
279.93,7129.51,0.56,21.63,414.22,7543.74
365.08,7146.46,0.65,21.71,414.15,7560.62
309.52,7160.92,0.72,21.59,420.82,7581.75
353.53,7171.55,0.71,21.67,421.69,7593.24
332.71,7148.36,0.76,21.9,428.4,7576.77
392.97,7161.56,0.98,22.05,430.27,7591.83
439.91,7165.31,0.78,22.94,441.8,7607.11
421.05,7133.32,0.79,23.35,442.91,7576.24
427.24,7101.21,0.88,23.74,439.5,7540.71
295.1,7089.65,0.85,23.86,442.09,7531.75
307.3,7123.89,0.65,23.68,438.19,7562.08
389.31,7143.07,0.67,23.79,438.6,7581.67
393.17,7136.31,0.54,23.82,446.98,7583.29
453.23,7115.07,0.79,24.2,455.69,7570.76
332.5,7073.7,0.74,24.28,454.6,7528.31
334.75,7084.57,0.83,24.22,453.08,7537.66
362.04,7087.24,0.91,24.46,452.18,7539.43
407.18,7077.06,0.86,24.55,453.13,7530.2
376.17,7062.56,0.84,24.31,447.74,7510.31
339.16,7031.32,0.89,24.11,441.31,7472.63
329.37,7044.78,0.76,23.9,437.84,7482.62
413.07,7048.42,0.88,23.76,434.08,7482.5
482.52,7053.76,1.02,23.61,441.89,7495.66
572.53,7028.01,0.85,23.28,442.73,7470.74
450.36,6982.21,0.76,23.31,432.92,7415.14
452.87,6971.61,0.72,23.43,431.36,7402.97
334.52,6933.89,0.77,23.49,424.05,7357.95
355.68,6911.26,1.03,23.34,416.12,7327.39
349.4,6895.95,0.8,22.82,402.7,7298.66
383.6,6882.96,0.92,22.54,390.01,7272.98
364.23,6922.45,0.72,22.16,390.6,7313.05
340.68,6907.1,0.83,21.95,383.73,7290.84
256.87,6888.09,0.65,21.48,372.02,7260.11
269.95,6890.43,0.84,21.48,368.44,7258.87
302.78,6907.01,0.61,21.21,362.85,7269.87
304.64,6960.54,0.58,21.34,368.37,7328.92
301.55,6949.46,0.65,21.28,369.8,7319.27
317.19,6962.14,0.53,21.09,367.39,7329.54
318.08,6939.51,0.85,20.96,359.35,7298.86
306.15,6936.89,0.96,20.64,358.22,7295.12
366.55,6964.74,1.07,20.26,356.49,7321.23
400.35,6948.7,1.14,19.69,338.16,7286.87
460.0,6905.96,1.01,18.94,333.36,7239.32
544.57,6849.56,0.69,18.35,318.81,7168.38
375.24,6768.59,0.52,18.06,304.42,7073.02
209.47,6699.72,0.75,18.11,296.71,6996.43
225.76,6784.02,0.67,18.28,301.72,7085.75
205.99,6807.81,0.79,18.53,301.67,7109.48
237.27,6833.98,0.87,18.41,297.26,7131.25
295.58,6858.03,0.75,18.47,295.21,7153.24
318.89,6876.46,0.9,18.47,295.71,7172.18
309.7,6862.46,0.89,18.17,288.79,7151.26
350.79,6872.89,0.88,17.99,286.62,7159.52
374.33,6855.14,0.65,17.72,284.83,7139.98
349.78,6855.3,0.87,17.8,283.49,7138.79
304.32,6848.28,0.72,17.79,277.4,7125.68
336.1,6849.68,1.03,17.73,274.02,7123.71
331.18,6841.46,0.75,17.24,266.95,7108.42
289.78,6832.0,0.79,16.98,261.73,7093.74
349.47,6853.32,1.03,16.88,256.06,7109.39
472.19,6917.46,0.92,16.65,256.45,7173.92
432.51,6935.54,0.88,16.53,260.93,7196.48
504.7,6941.5,0.97,16.43,258.55,7200.05
399.02,6944.14,0.83,16.14,262.52,7206.66
463.98,6954.97,0.8,16.17,266.89,7221.87
527.5,6949.26,1.18,15.96,268.42,7217.69
513.1,4725.52,0.38,2.23,24.7,4750.22
449.47,4681.63,0.39,2.11,21.84,4703.48
528.41,4686.27,0.31,1.97,19.81,4706.09
553.89,4654.18,0.05,1.81,17.35,4671.54
554.57,4618.53,0.07,1.85,17.92,4636.45
490.08,4557.38,0.06,1.86,17.36,4574.75
476.22,4541.13,0.06,1.87,16.92,4558.05
245.62,4535.79,0.01,1.96,17.19,4552.99
444.74,4585.62,0.23,2.11,21.04,4606.67
431.55,4679.52,0.3,2.55,26.63,4706.15
398.25,4681.37,0.24,2.66,27.48,4708.85
428.81,4687.33,0.56,2.86,30.17,4717.5
337.61,4656.6,0.25,2.71,29.05,4685.66
355.06,4673.69,0.31,2.88,30.6,4704.3
366.13,4671.66,0.4,3.03,32.34,4704.01
425.74,4652.94,0.49,3.14,33.44,4686.38
408.14,4646.49,0.42,3.05,33.39,4679.88
370.81,4613.2,0.36,3.12,33.03,4646.24
421.56,4614.64,0.47,3.29,34.45,4649.09
464.88,4594.28,0.91,3.27,32.85,4627.13
430.04,4583.05,0.64,2.91,33.72,4616.78
485.97,4549.72,0.83,2.99,32.5,4582.22
382.55,4495.11,0.37,2.57,30.25,4525.36
428.73,4492.69,0.46,2.61,31.16,4523.85
282.46,4464.49,0.37,2.51,28.87,4493.36
313.3,4465.58,0.5,2.6,29.95,4495.54
356.23,4446.24,0.42,2.55,28.89,4475.14
305.86,4452.84,0.46,2.57,29.68,4482.53
302.36,4433.11,0.47,2.5,29.26,4462.38
260.65,4421.9,0.38,2.36,28.33,4450.24
284.0,4406.97,0.33,2.3,27.29,4434.26
308.99,4395.95,0.36,2.34,28.25,4424.21
331.28,4405.71,0.43,2.34,28.27,4433.99
410.43,4385.11,0.39,2.24,27.61,4412.72
469.3,4339.66,0.4,2.2,27.5,4367.17
391.66,4288.51,0.44,2.17,26.47,4314.98
296.36,4234.22,0.32,2.06,25.09,4259.32
251.9,4234.57,0.29,2.09,25.04,4259.61
259.35,4219.16,0.33,2.08,24.61,4243.78
259.82,4206.31,0.35,2.13,25.67,4231.99
266.84,4188.19,0.37,2.13,25.03,4213.23
229.84,4162.05,0.26,2.05,25.11,4187.17
243.18,4158.95,0.41,2.11,25.14,4184.1
187.17,4139.2,0.35,2.04,23.99,4163.2
174.23,4137.65,0.27,2.0,24.19,4161.84
166.22,4125.74,0.24,2.15,24.71,4150.46
161.28,4114.07,0.23,2.17,24.53,4138.61
152.21,4119.37,0.25,2.23,25.47,4144.84
180.75,4122.3,0.26,2.24,25.76,4148.07
163.22,4109.31,0.25,2.27,26.31,4135.63
190.75,4121.04,0.32,2.37,26.35,4147.4
234.77,4128.75,0.36,2.39,26.61,4155.36
172.02,4152.1,0.28,2.41,26.99,4179.09
228.36,4154.46,0.29,2.46,27.78,4182.25
226.27,4150.96,0.28,2.44,27.88,4178.85
176.99,4130.96,0.3,2.44,27.07,4158.03
198.64,4124.14,0.35,2.38,26.63,4150.78
198.63,4142.03,0.39,2.4,26.98,4169.02
170.16,4129.48,0.22,2.32,26.23,4155.71
177.7,4125.91,0.36,2.39,26.59,4152.51
209.48,4127.81,0.28,2.36,26.53,4154.34
237.15,4129.5,0.28,2.4,27.55,4157.05
206.59,4138.97,0.35,2.53,28.3,4167.28
229.87,4128.42,0.29,2.46,27.87,4156.29
240.3,4126.77,0.3,2.47,28.65,4155.43
246.67,4121.08,0.35,2.51,28.5,4149.59
218.47,4105.24,0.37,2.49,28.03,4133.28
210.18,4102.07,0.31,2.51,27.3,4129.38
224.12,4109.5,0.27,2.44,27.0,4136.5
287.62,4107.25,0.45,2.47,27.38,4134.63
291.17,4108.63,0.35,2.25,26.04,4134.68
207.27,4074.49,0.29,2.2,25.3,4099.8
167.64,4069.51,0.25,2.24,24.62,4094.14
177.65,4066.43,0.28,2.2,24.01,4090.44
172.33,4060.94,0.31,2.17,24.44,4085.38
159.75,4057.19,0.28,2.12,24.07,4081.26
189.36,4057.39,0.26,2.08,24.11,4081.51
174.11,4072.82,0.27,2.09,24.77,4097.6
202.76,4064.67,0.26,2.03,24.66,4089.34
223.04,4057.53,0.29,2.03,25.46,4083.0
286.81,4065.87,0.31,2.0,25.63,4091.51
225.69,4033.76,0.27,1.9,23.9,4057.67
222.68,4043.82,0.32,1.91,23.79,4067.61
162.84,4021.71,0.23,1.81,21.97,4043.68
183.8,4014.56,0.3,1.82,21.74,4036.31
145.5,3984.87,0.15,1.64,19.61,4004.49
188.28,4038.59,0.24,1.77,21.75,4060.35
252.72,4062.77,0.29,1.88,22.94,4085.72
272.12,4090.03,0.32,1.9,24.03,4114.07
310.39,4102.74,0.29,1.87,24.23,4126.97
272.96,4096.39,0.26,1.84,23.47,4119.87
273.18,4076.81,0.28,1.83,23.79,4100.61
257.32,4088.47,0.35,1.91,24.59,4113.06
237.49,4071.84,0.22,1.76,23.08,4094.93
289.81,4062.23,0.32,1.83,22.99,4085.22
318.84,4056.43,0.21,1.76,22.56,4078.99
261.35,4008.81,0.21,1.76,22.3,4031.11
349.21,4028.86,0.37,1.87,22.61,4051.48
406.8,4007.71,0.28,1.76,22.32,4030.03
99.86,2835.45,0.18,1.03,10.71,2846.17
90.87,2848.57,0.15,1.05,10.29,2858.87
96.34,2856.4,0.15,1.05,10.71,2867.11
106.8,2867.5,0.21,1.05,10.72,2878.22
87.35,2868.3,0.21,1.04,9.87,2878.17
93.31,2869.21,0.17,0.99,9.89,2879.11
97.43,2874.68,0.15,0.99,9.91,2884.6
131.89,2876.36,0.21,1.01,10.22,2886.59
98.47,2879.23,0.32,1.16,10.11,2889.35
124.14,2885.04,0.2,1.01,9.85,2894.9
114.89,2879.14,0.21,0.99,9.66,2888.8
75.82,2870.83,0.16,0.97,9.12,2879.96
67.88,2874.0,0.14,0.94,9.06,2883.07
57.75,2869.93,0.1,0.92,9.15,2879.09
79.51,2897.43,0.13,1.02,9.79,2907.23
65.06,2901.33,0.13,1.0,9.74,2911.07
87.02,2905.79,0.32,1.14,10.12,2915.92
64.71,2911.23,0.11,0.98,9.78,2921.01
68.98,2911.32,0.14,1.01,9.92,2921.24
71.58,2918.46,0.14,1.03,10.14,2928.61
59.51,2914.0,0.1,1.02,10.05,2924.05
69.27,2923.51,0.15,1.04,10.37,2933.89
73.35,2921.9,0.12,1.05,10.28,2932.19
90.36,2915.52,0.16,1.11,10.75,2926.28
102.92,2934.11,0.17,1.12,11.32,2945.44
68.84,2935.91,0.14,1.12,10.95,2946.86
68.41,2941.69,0.11,1.09,10.68,2952.37
78.32,2943.04,0.18,1.14,11.03,2954.08
74.6,2938.54,0.14,1.12,11.11,2949.65
106.42,2944.8,0.18,1.17,11.42,2956.22
107.66,2942.19,0.17,1.18,11.76,2953.95
109.27,2939.54,0.17,1.18,11.62,2951.16
154.92,2937.52,0.24,1.2,11.82,2949.35
84.57,2933.62,0.19,1.16,11.12,2944.74
101.43,2942.3,0.16,1.17,11.12,2953.43
103.11,2953.86,0.27,1.23,11.68,2965.55
76.71,2951.52,0.23,1.24,11.34,2962.87
72.77,2954.21,0.19,1.17,10.98,2965.2
110.36,2961.16,0.18,1.12,10.58,2971.74
99.8,2984.7,0.25,1.27,11.6,2996.3
116.06,2984.73,0.19,1.18,11.52,2996.26
159.56,2982.94,0.29,1.29,11.92,2994.86
163.28,2970.81,0.25,1.25,12.42,2983.24
180.31,2960.69,0.23,1.27,12.72,2973.41
143.95,2967.52,0.2,1.25,12.48,2980.01
143.34,2959.28,0.21,1.24,12.28,2971.57
174.04,2953.88,0.32,1.27,12.35,2966.24
120.3,2951.01,0.27,1.21,12.02,2963.04
84.57,2943.86,0.19,1.12,11.06,2954.92
95.42,2949.09,0.2,1.15,11.39,2960.48
118.14,2954.2,0.2,1.15,11.63,2965.84
108.75,2955.18,0.34,1.27,11.65,2966.84
142.93,2949.21,0.19,1.12,11.32,2960.54
156.86,2943.47,0.26,1.17,11.9,2955.37
138.97,2958.89,0.27,1.19,11.72,2970.62
101.6,2959.53,0.22,1.12,10.81,2970.35
102.46,2962.13,0.29,1.16,11.17,2973.3
83.96,2971.2,0.31,1.21,10.66,2981.86
93.79,2970.52,0.21,1.13,10.81,2981.33
97.11,2977.17,0.26,1.15,11.1,2988.27
99.2,2982.15,0.35,1.23,11.01,2993.17
121.73,2980.66,0.23,1.08,10.79,2991.45
152.16,2978.93,0.41,1.22,11.28,2990.21
95.45,2979.63,0.23,1.07,10.59,2990.23
67.3,2997.91,0.22,1.11,10.45,3008.36
83.54,3022.71,0.2,1.09,10.75,3033.46
71.93,3042.69,0.21,1.09,10.59,3053.28
72.7,3083.75,0.18,1.1,10.56,3094.31
92.9,3104.01,0.28,1.13,10.64,3114.65
113.52,3162.85,0.31,1.13,10.82,3173.67
77.55,3230.31,0.15,1.02,10.9,3241.22
73.77,3231.83,0.18,1.0,10.43,3242.26
109.62,3236.24,0.18,0.96,9.97,3246.21
84.41,3221.52,0.1,0.92,9.98,3231.51
95.69,3256.07,0.11,0.97,10.42,3266.49
107.23,3266.83,0.15,1.02,11.14,3277.98
91.34,3278.27,0.11,1.0,10.88,3289.16
117.7,3275.76,0.16,1.02,10.98,3286.75
79.94,3293.06,0.1,1.04,11.16,3304.22
112.5,3301.75,0.18,1.05,11.39,3313.15
92.59,3311.55,0.17,1.04,11.22,3322.78
69.0,3309.18,0.17,1.05,10.9,3320.09
82.68,3318.04,0.19,1.02,10.85,3328.89
99.96,3335.29,0.13,0.99,10.75,3346.05
78.06,3335.34,0.12,1.0,10.63,3345.97
74.65,3332.42,0.13,1.0,10.5,3342.92
86.03,3337.71,0.13,1.0,10.41,3348.13
100.07,3348.65,0.14,0.99,10.57,3359.22
92.93,3360.53,0.11,1.02,11.16,3371.7
93.19,3361.4,0.13,1.02,11.22,3372.62
105.13,3366.56,0.14,1.0,11.35,3377.92
86.64,3364.22,0.18,0.99,11.03,3375.25
80.39,3363.23,0.13,0.94,10.27,3373.5
93.11,3376.44,0.13,0.95,10.45,3386.9
98.06,3379.13,0.12,0.94,10.69,3389.83
105.6,3372.12,0.12,0.92,10.43,3382.56
122.51,3373.56,0.19,0.94,10.57,3384.14
84.15,3374.06,0.11,0.91,9.74,3383.8
97.51,3382.18,0.18,0.97,10.56,3392.75
207.01,4237.11,0.13,0.7,10.28,4247.4
227.39,4245.3,0.16,0.73,10.76,4256.07
238.88,4228.87,0.13,0.71,10.28,4239.16
226.12,4213.31,0.16,0.73,10.47,4223.78
252.95,4197.57,0.17,0.73,10.35,4207.92
215.9,4177.8,0.2,0.75,10.52,4188.32
212.19,4183.93,0.18,0.72,10.51,4194.44
246.0,4180.38,0.19,0.72,10.2,4190.59
193.18,4167.86,0.16,0.68,10.02,4177.88
145.78,4164.75,0.11,0.65,9.21,4173.97
183.73,4195.92,0.15,0.69,9.57,4205.49
188.61,4192.03,0.16,0.7,9.76,4201.8
154.92,4178.53,0.15,0.72,9.54,4188.08
177.06,4166.86,0.18,0.76,10.56,4177.43
158.85,4154.3,0.11,0.7,10.03,4164.34
182.41,4157.39,0.17,0.75,10.61,4168.01
165.97,4151.91,0.12,0.71,9.88,4161.8
151.84,4155.69,0.14,0.74,10.08,4165.77
159.2,4149.67,0.13,0.71,9.77,4159.45
181.61,4144.81,0.12,0.71,9.88,4154.69
187.38,4160.5,0.16,0.76,10.57,4171.08
170.38,4154.26,0.15,0.74,10.52,4164.78
186.46,4141.89,0.14,0.74,10.03,4151.92
188.78,4135.24,0.18,0.77,10.27,4145.52
165.05,4132.06,0.14,0.72,9.67,4141.73
150.8,4130.22,0.13,0.73,9.64,4139.87
187.95,4131.17,0.16,0.75,10.2,4141.38
190.45,4126.42,0.14,0.75,9.93,4136.35
178.68,4163.79,0.18,0.77,10.46,4174.25
178.34,4169.24,0.15,0.74,10.36,4179.6
181.95,4176.18,0.12,0.75,10.59,4186.78
216.35,4183.61,0.23,0.84,11.5,4195.12
186.5,4179.57,0.15,0.76,10.9,4190.47
201.04,4168.98,0.19,0.79,11.05,4180.04
198.81,4172.0,0.17,0.78,11.26,4183.27
267.74,4192.56,0.25,0.88,12.44,4205.01
289.28,4204.09,0.19,0.85,12.46,4216.55
295.02,4202.94,0.24,0.89,12.91,4215.86
244.39,4177.76,0.18,0.82,11.42,4189.18
273.53,4172.28,0.21,0.86,11.61,4183.89
248.18,4230.58,0.16,0.84,11.65,4242.24
262.44,4224.66,0.22,0.87,11.91,4236.58
318.83,4216.53,0.17,0.86,11.96,4228.5
330.4,4194.63,0.22,0.89,12.47,4207.11
288.6,4153.97,0.18,0.85,11.79,4165.76
249.68,4139.55,0.18,0.85,11.82,4151.37
297.04,4128.51,0.22,0.86,11.47,4139.98
255.74,4095.48,0.23,0.86,11.59,4107.07
237.98,4083.27,0.17,0.79,10.39,4093.67
221.67,4060.06,0.15,0.78,10.54,4070.61
218.51,4076.84,0.21,0.85,11.19,4088.03
214.77,4070.04,0.22,0.88,10.95,4080.99
201.24,4055.14,0.13,0.78,10.15,4065.29
259.29,4051.73,0.17,0.79,10.25,4061.99
210.73,4053.32,0.15,0.79,10.11,4063.43
251.81,4063.2,0.18,0.81,10.35,4073.56
217.83,4050.34,0.14,0.77,9.88,4060.22
185.35,4036.14,0.15,0.75,9.93,4046.08
184.72,4048.56,0.13,0.73,9.2,4057.77
170.23,4034.9,0.12,0.72,9.25,4044.15
207.35,4044.67,0.14,0.75,9.64,4054.31
207.37,4052.14,0.16,0.78,10.26,4062.41
188.34,4064.33,0.12,0.73,9.26,4073.59
280.94,4070.25,0.17,0.76,9.67,4079.92
231.08,4070.3,0.19,0.76,9.81,4080.11
232.9,4067.59,0.12,0.7,9.39,4076.99
286.1,4065.24,0.16,0.71,9.85,4075.09
277.71,4050.8,0.16,0.68,9.08,4059.88
325.1,4028.44,0.22,0.72,9.28,4037.73
212.05,3956.17,0.06,0.58,7.33,3963.51
221.17,4023.29,0.12,0.7,8.9,4032.19
213.22,4033.49,0.12,0.71,9.06,4042.55
201.74,4037.29,0.15,0.73,9.06,4046.36
219.75,4033.6,0.16,0.74,9.76,4043.37
227.71,4036.55,0.15,0.74,9.6,4046.16
270.19,4042.68,0.17,0.78,10.21,4052.89
281.46,4060.34,0.17,0.8,10.22,4070.57
274.87,4036.07,0.15,0.79,10.15,4046.23
255.63,4019.81,0.18,0.84,10.34,4030.15
278.88,4002.8,0.19,0.84,10.32,4013.12
289.07,4004.55,0.2,0.88,10.84,4015.4
274.38,3996.82,0.21,0.93,11.22,4008.04
395.07,3986.01,0.21,0.89,10.64,3996.66
296.25,3958.8,0.17,0.85,10.02,3968.82
258.21,3920.77,0.21,0.89,10.15,3930.92
310.01,3920.78,0.25,0.95,10.68,3931.47
300.83,3894.64,0.16,0.9,10.12,3904.77
260.79,3871.4,0.21,0.93,10.5,3881.91
292.53,3852.47,0.19,0.88,9.85,3862.33
272.48,3827.16,0.23,0.94,10.1,3837.26
233.66,3825.64,0.15,0.89,9.98,3835.62
225.78,3802.83,0.25,0.99,10.56,3813.4
237.98,3798.34,0.16,0.91,10.36,3808.71
294.23,3783.7,0.22,0.94,10.56,3794.26
195.49,3766.52,0.23,0.94,10.04,3776.56
164.46,3769.51,0.21,0.98,10.2,3779.72
185.64,3769.97,0.18,1.02,10.71,3780.69
213.76,3767.68,0.17,1.03,10.77,3778.46
214.52,3760.35,0.26,1.05,10.77,3771.13
125.11,3974.49,0.09,0.61,6.89,3981.38
116.66,3991.36,0.08,0.61,6.99,3998.36
127.26,3997.71,0.07,0.6,6.7,4004.42
123.57,4005.22,0.08,0.62,6.93,4012.16
128.02,4004.77,0.1,0.64,7.13,4011.9
131.74,4010.27,0.07,0.65,7.46,4017.73
158.54,4027.24,0.09,0.68,7.62,4034.86
152.95,4017.36,0.11,0.69,7.76,4025.13
154.75,4029.88,0.11,0.7,7.85,4037.74
239.99,4045.26,0.13,0.74,8.35,4053.62
179.95,4089.79,0.08,0.73,8.53,4098.33
180.62,4108.14,0.1,0.77,9.02,4117.17
180.39,4116.9,0.1,0.74,8.76,4125.67
176.79,4108.74,0.09,0.72,8.68,4117.43
214.51,4110.35,0.09,0.74,9.0,4119.35
253.91,4121.78,0.09,0.75,8.84,4130.63
237.33,4137.99,0.1,0.78,9.29,4147.29
257.29,4188.66,0.08,0.75,8.7,4197.36
282.21,4166.1,0.13,0.78,9.2,4175.31
289.43,4170.33,0.11,0.75,8.97,4179.3
278.95,4147.63,0.1,0.72,8.95,4156.59
274.38,4147.18,0.1,0.74,8.96,4156.14
297.54,4144.42,0.11,0.75,9.01,4153.43
274.74,4144.04,0.11,0.73,8.67,4152.72
229.79,4112.1,0.09,0.71,8.38,4120.48
211.0,4088.48,0.08,0.72,8.54,4097.03
221.69,4098.74,0.08,0.73,8.71,4107.46
266.82,4097.65,0.1,0.75,8.89,4106.55
268.07,4085.74,0.13,0.77,9.18,4094.93
327.53,4063.57,0.11,0.74,8.87,4072.44
308.54,4039.81,0.13,0.73,8.71,4048.52
257.35,4044.51,0.11,0.76,9.17,4053.68
261.67,4022.13,0.11,0.76,9.1,4031.23
202.88,4011.88,0.1,0.74,8.8,4020.68
205.62,4005.18,0.11,0.75,9.08,4014.26
200.42,3991.95,0.1,0.73,9.06,4001.02
266.48,4005.58,0.12,0.84,10.29,4015.88
211.57,3979.38,0.09,0.81,9.79,3989.18
187.79,3986.46,0.1,0.87,9.93,3996.4
163.91,3974.52,0.07,0.9,10.16,3984.68
187.8,3971.74,0.09,0.98,10.89,3982.64
189.18,4001.6,0.06,1.01,10.93,4012.54
223.37,3993.19,0.15,1.01,10.93,4004.12
219.68,3989.31,0.12,0.92,10.56,3999.88
236.17,3979.94,0.13,0.92,10.67,3990.62
198.97,3959.53,0.08,0.94,10.39,3969.93
188.66,3979.27,0.08,0.99,11.05,3990.33
212.3,3969.05,0.07,0.96,10.6,3979.66
217.52,3961.77,0.17,1.01,11.06,3972.84
193.1,3937.65,0.09,0.93,10.19,3947.84
179.22,3932.64,0.1,0.92,10.31,3942.96
187.47,3930.92,0.12,0.92,10.06,3940.99
193.25,3918.64,0.09,0.86,9.66,3928.3
208.31,3897.4,0.15,0.82,9.12,3906.53
234.68,3882.79,0.12,0.74,8.89,3891.68
114.0,3832.97,0.03,0.68,8.11,3841.09
143.16,3899.09,0.08,0.74,8.7,3907.79
126.47,3910.37,0.06,0.74,8.58,3918.96
154.41,3915.22,0.07,0.78,9.37,3924.59
181.3,3919.15,0.06,0.79,9.31,3928.47
166.23,3924.78,0.04,0.78,9.54,3934.32
190.15,3944.17,0.08,0.83,9.99,3954.16
158.5,3948.29,0.08,0.82,9.86,3958.15
145.01,3942.36,0.06,0.8,9.47,3951.84
151.53,3940.7,0.1,0.79,9.36,3950.06
163.12,3934.14,0.05,0.74,8.89,3943.04
188.43,3963.91,0.09,0.82,9.48,3973.39
250.79,3973.96,0.13,0.8,9.29,3983.25
227.04,3987.1,0.07,0.83,9.45,3996.55
223.19,4001.49,0.08,0.86,9.85,4011.35
260.94,3991.49,0.14,0.84,9.54,4001.03
278.21,3993.71,0.15,0.78,9.44,4003.15
177.48,3956.05,0.09,0.73,8.84,3964.89
192.02,3959.74,0.08,0.71,8.71,3968.45
209.16,3975.7,0.08,0.81,8.91,3984.62
209.2,3979.99,0.11,0.83,9.01,3989.0
192.05,3967.76,0.11,0.8,8.54,3976.3
194.46,3963.3,0.07,0.76,8.21,3971.51
216.35,3956.49,0.1,0.77,8.25,3964.74
226.33,3969.0,0.21,0.8,8.87,3977.87
199.69,3971.06,0.11,0.71,8.69,3979.75
207.99,3964.47,0.08,0.78,8.94,3973.41
244.31,3964.86,0.07,0.77,8.89,3973.76
254.34,3957.62,0.05,0.77,9.07,3966.7
316.19,3956.8,0.12,0.8,9.36,3966.16
307.07,3941.69,0.15,0.78,9.2,3950.9
347.29,3929.43,0.08,0.69,8.93,3938.36
404.29,3900.6,0.15,0.73,9.02,3909.63
201.37,3857.38,0.08,0.78,8.39,3865.77
215.32,3873.28,0.09,0.83,8.77,3882.06
232.91,3868.89,0.09,0.84,8.79,3877.69
233.73,3850.33,0.08,0.82,8.84,3859.18
206.5,3832.8,0.09,0.81,8.47,3841.27
178.73,3812.75,0.08,0.8,8.46,3821.22
202.07,3833.25,0.07,0.78,8.26,3841.52
157.64,3823.54,0.09,0.78,8.07,3831.62
134.5,3828.92,0.1,0.73,7.79,3836.71
187.19,3837.62,0.06,0.68,7.38,3845.01
192.81,3856.8,0.06,0.79,7.89,3864.7
274.02,4845.75,0.04,1.02,7.72,4853.47
301.16,4907.84,0.06,1.07,8.49,4916.34
346.51,4977.04,0.04,1.03,8.58,4985.63
324.31,4970.7,0.06,1.02,8.47,4979.17
394.18,4956.35,0.09,1.04,8.32,4964.68
359.73,5047.72,0.03,0.98,8.31,5056.03
403.47,5040.24,0.03,1.07,8.73,5048.98
561.09,5008.68,0.03,1.14,9.17,5017.86
488.54,4958.9,0.02,1.15,9.26,4968.17
513.45,4904.68,0.04,1.19,9.52,4914.2
498.82,4860.32,0.01,1.17,9.21,4869.54
537.13,4851.13,0.04,1.2,9.36,4860.49
416.31,4843.82,0.03,1.18,9.04,4852.87
422.74,4817.13,0.02,1.18,9.04,4826.17
380.56,4785.58,0.05,1.21,9.17,4794.75
314.21,4720.08,0.01,1.19,8.8,4728.89
368.41,4718.63,0.03,1.22,9.08,4727.72
344.45,4722.49,0.02,1.22,9.12,4731.61
354.88,4720.48,0.02,1.22,9.07,4729.55
352.5,4746.3,0.04,1.23,9.34,4755.65
371.46,4749.77,0.03,1.21,9.23,4759.01
406.76,4837.3,0.04,1.21,9.3,4846.6
406.37,4850.85,0.04,1.2,9.18,4860.03
416.01,4876.67,0.05,1.2,8.91,4885.59
475.44,4875.43,0.05,1.19,8.79,4884.23
530.92,4867.36,0.03,1.21,8.85,4876.21
562.13,4957.78,0.04,1.24,9.72,4967.5
551.71,4963.04,0.04,1.23,9.61,4972.66
433.53,4928.29,0.03,1.21,9.34,4937.64
538.43,4901.47,0.03,1.21,9.37,4910.85
682.9,4914.4,0.03,1.31,9.76,4924.16
542.89,4856.44,0.03,1.32,9.81,4866.25
543.64,4773.49,0.04,1.34,9.95,4783.44
777.14,4753.81,0.04,1.33,9.97,4763.79
534.26,4671.76,0.05,1.32,9.73,4681.49
647.66,4601.87,0.05,1.32,9.94,4611.81
744.21,4590.02,0.03,1.31,9.69,4599.71
684.83,4513.24,0.03,1.31,9.59,4522.84
725.84,4422.88,0.02,1.3,9.45,4432.33
792.27,4351.88,0.02,1.3,9.52,4361.4
677.12,4234.87,0.03,1.31,9.39,4244.26
750.25,4187.3,0.03,1.31,9.26,4196.57
586.25,4130.02,0.02,1.31,9.18,4139.21
329.44,4043.15,0.02,1.35,8.99,4052.14
400.15,4031.44,0.04,1.37,8.98,4040.42
462.82,4033.45,0.02,1.35,9.09,4042.54
431.47,4037.37,0.02,1.36,9.17,4046.54
500.49,3993.96,0.03,1.37,9.12,4003.08
547.95,3996.09,0.02,1.36,9.28,4005.37
617.19,3955.52,0.04,1.37,9.27,3964.79
597.3,3889.16,0.02,1.36,9.17,3898.33
509.0,3834.48,0.04,1.38,9.03,3843.51
591.05,3754.89,0.04,1.36,8.7,3763.6
500.29,3785.28,0.02,1.35,9.11,3794.4
524.67,3737.65,0.08,1.38,9.06,3746.72
494.7,3673.28,0.02,1.31,8.81,3682.1
431.05,3652.24,0.03,1.37,8.97,3661.21
369.15,3593.91,0.03,1.36,8.79,3602.71
371.74,3570.98,0.02,1.35,8.88,3579.87
458.92,3541.87,0.07,1.37,9.01,3550.89
296.45,3470.51,0.02,1.36,8.55,3479.07
322.44,3461.11,0.07,1.38,8.59,3469.71
159.74,3389.43,0.01,1.32,7.87,3397.3
199.03,3448.64,0.02,1.4,8.35,3457.0
210.2,3476.71,0.02,1.4,8.55,3485.27
245.38,3455.38,0.02,1.42,8.54,3463.92
259.83,3491.52,0.03,1.41,8.77,3500.3
264.6,3488.62,0.03,1.39,8.71,3497.34
315.98,3483.73,0.02,1.36,8.76,3492.5
270.85,3482.83,0.02,1.4,8.81,3491.64
220.42,3472.84,0.03,1.41,8.71,3481.55
313.93,3478.68,0.16,1.52,8.99,3487.68
251.29,3470.0,0.19,1.54,9.04,3479.05
181.81,3456.06,0.18,1.52,8.45,3464.51
230.69,3535.18,0.2,1.5,8.76,3543.95
214.24,3629.93,0.2,1.48,9.25,3639.19
256.66,3643.09,0.16,1.47,9.41,3652.5
386.07,3649.74,0.3,1.55,9.96,3659.71
225.94,3596.32,0.13,1.35,9.07,3605.4
283.67,3595.44,0.05,1.38,8.73,3604.17
206.65,3528.87,0.04,1.41,8.89,3537.77
210.03,3693.85,0.06,1.43,9.21,3703.07
271.11,3828.32,0.06,1.43,9.27,3837.6
344.72,3891.19,0.08,1.42,9.35,3900.55
265.08,3895.23,0.1,1.42,9.01,3904.25
305.65,4013.01,0.17,1.43,8.74,4021.75
200.81,4196.53,0.1,1.36,8.59,4205.12
199.2,4495.43,0.1,1.41,9.34,4504.78
323.67,4750.23,0.15,1.45,10.8,4761.04
395.02,4845.84,0.31,1.62,11.63,4857.47
453.49,4864.4,0.16,1.41,11.09,4875.5
589.7,4888.23,0.13,1.39,10.94,4899.18
521.61,4947.23,0.35,1.38,10.78,4958.01
510.53,4887.66,0.01,1.06,8.95,4896.62
437.35,4866.95,0.01,1.07,9.03,4875.99
421.36,4818.86,0.0,1.08,8.97,4827.84
555.88,4810.4,0.01,1.11,9.25,4819.66
527.04,4759.81,0.01,1.15,9.51,4769.33
367.23,4686.03,0.01,1.21,9.51,4695.55
236.7,3437.92,2.5,2.86,19.6,3457.52
233.42,3412.01,2.25,2.75,18.85,3430.86
226.34,3372.25,2.46,2.84,19.68,3391.94
243.31,3360.71,2.34,2.86,19.85,3380.57
292.36,3340.96,2.61,3.0,20.76,3361.72
283.16,3345.37,2.09,3.24,22.48,3367.85
308.05,3335.7,2.04,3.42,23.4,3359.1
370.65,3303.37,2.34,3.36,22.75,3326.12
382.77,3295.75,2.9,3.28,22.17,3317.92
268.44,3270.68,2.06,3.18,20.69,3291.37
272.79,3292.54,2.12,3.17,20.03,3312.57
348.08,3297.26,2.38,3.18,20.19,3317.45
286.14,3274.02,2.55,3.16,20.2,3294.22
213.69,3276.72,2.94,2.94,18.65,3295.37
213.61,3285.5,2.23,2.66,16.83,3302.33
242.42,3308.34,2.76,2.94,18.33,3326.68
364.97,3331.17,3.01,3.1,18.91,3350.09
353.68,3328.87,3.4,2.99,18.72,3347.6
340.59,3305.63,3.16,3.15,20.08,3325.72
430.66,3284.02,2.79,3.23,21.43,3305.46
384.53,3239.32,3.43,3.25,21.98,3261.31
355.88,3205.61,2.29,3.14,21.11,3226.73
329.36,3173.42,2.3,3.15,20.99,3194.42
378.99,3171.3,2.32,3.24,21.27,3192.57
391.57,3148.42,3.03,3.17,20.72,3169.14
605.06,3144.72,3.37,3.19,19.84,3164.56
508.53,3120.25,3.66,3.53,22.93,3143.19
544.07,3056.19,2.87,3.28,21.09,3077.28
512.21,3041.03,3.12,3.52,22.48,3063.51
503.18,2975.69,3.09,3.46,21.11,2996.81
343.48,2945.27,2.75,3.54,21.33,2966.61
358.72,2931.7,2.86,3.59,20.59,2952.3
378.49,2899.34,2.99,3.51,19.87,2919.21
337.34,2880.79,2.69,3.34,19.14,2899.93
334.2,2875.75,2.52,3.18,18.26,2894.02
324.69,2834.2,2.67,3.04,17.61,2851.82
349.54,2784.05,3.36,3.09,17.46,2801.51
196.57,2716.72,2.23,3.11,17.16,2733.89
153.19,2707.3,1.4,3.15,17.75,2725.05
170.96,2694.05,1.91,3.1,17.71,2711.77
148.62,2683.51,1.78,3.05,17.55,2701.06
170.43,2673.42,2.25,3.23,18.12,2691.55
160.68,2661.81,1.99,3.23,17.75,2679.57
225.17,2656.76,2.64,3.45,18.57,2675.33
171.42,2649.19,2.37,3.32,18.59,2667.79
280.73,2643.28,2.58,3.17,17.63,2660.92
223.1,2635.99,2.7,3.32,18.52,2654.51
250.19,2622.33,2.52,3.11,17.57,2639.91
183.83,2619.77,1.72,3.09,17.62,2637.4
209.87,2605.94,2.19,3.18,17.9,2623.85
224.91,2582.9,2.15,3.18,17.56,2600.47
213.55,2556.58,2.66,3.06,17.18,2573.76
225.0,2532.59,2.63,2.9,16.45,2549.05
221.37,2533.95,2.28,2.73,16.06,2550.02
239.7,2518.3,2.4,2.45,15.04,2533.34
165.57,2513.06,2.15,2.19,13.83,2526.89
128.85,2529.16,1.83,1.99,12.48,2541.64
125.68,2513.32,1.28,2.08,12.67,2526.0
160.45,2503.7,2.01,2.28,13.29,2517.0
153.29,2478.33,1.59,2.64,14.89,2493.23
159.82,2463.65,1.13,2.71,15.79,2479.45
154.58,2452.2,2.32,2.92,16.62,2468.83
187.57,2439.31,1.78,2.73,15.55,2454.87
210.55,2440.07,2.08,2.93,16.44,2456.51
210.55,2437.08,2.17,2.85,16.36,2453.44
209.09,2410.97,1.94,2.83,16.19,2427.16
212.02,2387.18,1.96,2.77,15.8,2402.98
235.71,2352.4,1.82,2.88,16.0,2368.4
269.82,2327.33,1.6,2.84,15.88,2343.22
248.01,2282.08,1.81,2.75,15.4,2297.48
168.12,2211.83,0.91,2.3,13.18,2225.01
191.85,2263.68,1.34,2.47,14.11,2277.79
184.7,2272.06,1.43,2.46,13.9,2285.97
243.52,2256.81,1.55,2.48,14.1,2270.91
226.62,2216.5,2.01,2.64,14.73,2231.24
162.11,2164.33,1.72,2.64,14.87,2179.2
171.25,2133.81,1.11,2.44,14.14,2147.96
138.17,2096.64,1.06,2.77,15.38,2112.02
142.48,2093.95,1.66,2.79,15.56,2109.51
159.57,2081.99,1.58,2.67,15.16,2097.15
235.4,2067.78,2.26,2.66,14.76,2082.55
203.66,2054.22,2.23,2.8,15.7,2069.93
163.44,2017.9,2.34,2.78,15.54,2033.44
228.74,2006.27,2.08,2.84,15.81,2022.09
181.28,1978.04,1.87,2.88,15.96,1994.0
191.12,1949.52,1.98,2.94,16.08,1965.6
196.4,1922.3,1.8,2.9,15.92,1938.22
195.99,1915.99,1.55,2.84,15.71,1931.71
189.33,1891.82,2.04,2.78,15.28,1907.1
172.64,1889.88,1.65,2.6,14.33,1904.22
139.77,1891.48,1.87,2.38,13.21,1904.7
98.27,1870.66,1.11,2.32,12.74,1883.4
126.1,1861.79,2.31,3.38,12.91,1874.7
121.04,1832.63,2.31,3.83,13.89,1846.52
151.85,1816.87,2.14,3.92,14.51,1831.38
156.22,1797.5,1.82,4.07,15.29,1812.8
153.09,1775.95,1.75,4.21,15.75,1791.71
163.4,1767.9,1.69,4.29,15.86,1783.76
164.11,1747.87,1.81,4.62,16.33,1764.2
61.42,1201.37,0.75,1.81,9.85,1211.22
52.1,1197.87,0.87,1.86,9.86,1207.74
56.64,1193.34,0.82,1.89,10.17,1203.51
58.43,1190.12,0.91,1.95,11.23,1201.36
57.47,1187.69,0.83,2.06,11.34,1199.04
56.85,1185.31,1.14,1.93,10.92,1196.23
50.39,1182.68,1.2,1.91,10.59,1193.27
55.33,1182.83,1.02,1.79,10.32,1193.16
76.71,1180.33,1.55,2.36,11.43,1191.77
71.89,1175.77,1.03,2.04,11.42,1187.2
50.72,1169.99,0.68,1.84,10.85,1180.84
61.08,1164.07,0.89,1.84,10.63,1174.7
66.61,1159.81,0.65,1.92,10.58,1170.39
61.86,1160.98,0.77,2.01,10.74,1171.72
55.75,1154.91,1.44,2.24,11.15,1166.06
60.65,1154.81,0.66,1.9,10.42,1165.23
53.83,1142.48,1.39,2.27,11.0,1153.48
57.53,1142.26,1.3,2.31,10.86,1153.12
50.55,1135.99,0.91,2.05,10.88,1146.87
47.02,1129.01,1.2,2.14,10.78,1139.79
43.21,1126.07,0.87,1.91,10.24,1136.32
46.74,1125.76,1.08,2.17,10.35,1136.12
49.18,1126.42,0.86,2.16,11.11,1137.54
43.59,1123.91,0.9,2.26,11.44,1135.36
49.37,1123.72,1.1,2.58,11.59,1135.31
60.7,1119.63,0.94,2.24,11.29,1130.92
52.2,1118.4,0.78,2.24,11.72,1130.12
57.99,1119.37,0.9,2.27,12.27,1131.64
60.43,1114.92,0.76,2.13,11.99,1126.92
66.47,1113.45,1.3,2.73,12.97,1126.42
65.46,1107.59,0.88,2.43,12.87,1120.46
62.4,1099.48,0.66,2.28,12.73,1112.22
72.13,1099.26,0.85,2.55,13.16,1112.43
83.73,1096.31,1.51,2.82,13.73,1110.05
65.2,1092.9,1.48,2.51,12.99,1105.9
101.42,1090.56,1.8,2.56,12.28,1102.84
74.28,1091.22,0.61,2.12,12.3,1103.52
86.15,1090.75,1.59,2.71,12.86,1103.62
78.92,1086.92,1.19,2.44,12.59,1099.51
58.66,1081.01,0.8,2.31,12.59,1093.6
62.04,1075.52,1.31,2.85,13.05,1088.58
63.96,1068.34,0.9,2.4,12.55,1080.9
79.23,1068.99,1.11,2.59,12.73,1081.73
65.58,1060.87,0.87,2.63,13.05,1073.93
72.75,1052.53,1.16,2.78,12.9,1065.43
81.48,1045.38,1.8,2.78,12.81,1058.2
72.18,1039.17,1.48,2.54,12.17,1051.35
49.59,1038.97,1.38,2.53,12.51,1051.48
44.25,1039.54,1.55,2.92,12.52,1052.07
44.94,1043.74,1.51,2.67,12.69,1056.43
39.61,1045.99,1.48,2.58,12.09,1058.08
44.5,1046.24,1.32,2.43,11.37,1057.61
49.05,1049.6,1.29,2.48,11.63,1061.24
59.84,1049.86,1.45,2.64,12.01,1061.88
55.47,1048.99,1.28,2.44,12.27,1061.26
44.56,1045.63,0.84,2.35,12.26,1057.89
45.22,1043.66,1.0,2.24,12.11,1055.77
57.73,1052.19,1.2,2.35,12.19,1064.39
61.91,1051.36,1.42,2.33,12.33,1063.7
78.25,1048.62,1.81,2.09,11.47,1060.09
55.15,1056.61,1.2,2.05,11.19,1067.8
69.53,1057.84,1.31,1.96,11.14,1068.99
58.73,1060.58,1.14,2.35,12.33,1072.91
90.04,1057.81,2.04,2.95,12.99,1070.8
102.88,1057.22,1.15,2.37,12.65,1069.87
91.25,1053.96,1.48,2.58,13.23,1067.2
64.18,1041.7,1.02,2.34,12.48,1054.19
74.44,1040.94,1.17,2.33,12.37,1053.31
85.08,1042.09,1.17,2.25,12.18,1054.27
91.97,1038.62,1.02,2.48,12.62,1051.25
95.48,1028.32,0.94,2.6,13.14,1041.46
89.63,1015.7,1.16,2.52,12.78,1028.48
94.72,1008.38,1.43,2.68,12.82,1021.2
83.01,993.89,0.79,2.55,12.53,1006.43
93.24,978.34,1.67,2.66,12.73,991.07
59.75,957.05,0.48,1.96,11.0,968.06
62.06,964.85,0.81,2.16,11.49,976.34
77.39,967.57,1.08,2.47,11.82,979.4
87.27,961.97,1.43,3.07,13.08,975.05
89.36,950.8,1.13,2.92,13.01,963.81
77.0,936.0,1.51,2.89,13.39,949.39
55.43,921.27,0.84,2.43,12.17,933.44
72.93,923.43,0.96,2.47,12.61,936.05
75.9,914.28,1.2,3.16,13.53,927.82
64.14,901.02,0.88,2.88,13.64,914.67
76.94,899.96,1.37,3.2,13.89,913.85
96.92,892.11,1.62,3.19,13.96,906.07
89.1,888.11,1.44,3.24,14.12,902.24
86.51,879.39,1.51,3.58,14.46,893.86
53.53,871.69,0.71,3.42,14.01,885.7
59.61,871.73,0.69,3.59,14.19,885.93
57.36,865.72,0.93,3.66,14.43,880.15
58.41,864.69,1.53,3.62,14.33,879.03
56.36,862.57,1.36,3.46,13.85,876.42
63.35,857.48,1.33,3.32,13.27,870.76
50.43,861.75,1.14,3.33,13.51,875.27
66.95,856.7,1.59,3.45,13.93,870.64
55.04,851.46,0.81,3.23,13.88,865.34
63.82,844.18,1.41,3.37,14.12,858.31
31.9,313.67,1.34,2.3,13.33,327.01
27.37,307.01,0.61,1.93,12.51,319.53
23.28,305.89,0.9,2.11,12.41,318.31
32.78,303.25,0.96,2.02,12.53,315.78
40.11,300.59,1.0,2.11,12.62,313.21
36.7,292.99,1.0,1.97,12.26,305.26
23.92,286.06,0.62,1.93,11.12,297.18
23.05,284.66,0.92,2.19,11.79,296.46
24.91,283.44,0.7,2.04,11.31,294.76
24.14,280.85,0.82,2.02,11.17,292.03
25.39,277.45,0.82,1.94,11.33,288.78
29.43,270.99,0.81,1.76,10.86,281.86
25.41,266.8,0.98,2.09,10.69,277.49
21.3,268.36,0.73,1.67,10.02,278.38
23.97,268.79,0.85,1.94,10.13,278.92
22.88,266.92,0.88,1.85,10.27,277.2
31.32,265.8,1.12,1.96,10.54,276.34
16.6,259.99,0.53,1.86,9.92,269.91
22.53,257.45,0.97,1.83,9.64,267.1
19.53,253.23,0.86,1.8,9.86,263.09
19.22,249.99,0.88,1.92,9.72,259.71
23.32,246.75,1.04,1.74,9.44,256.2
26.38,243.69,0.73,1.62,9.53,253.23
24.3,240.5,1.08,1.56,9.53,250.03
10.08,240.05,0.52,1.68,9.57,249.63
12.32,239.31,0.5,1.82,9.52,248.83
13.21,237.52,0.6,2.04,9.59,247.11
17.19,236.0,1.08,2.17,9.65,245.65
16.72,235.68,1.09,1.78,8.97,244.66
11.18,235.67,0.47,1.75,9.01,244.69
17.71,234.55,1.54,1.82,8.86,243.41
8.93,233.78,0.85,1.68,9.28,243.07
8.52,233.44,0.78,1.41,8.99,242.44
6.77,233.64,0.9,1.33,8.58,242.22
5.96,235.27,0.65,1.29,8.27,243.55
6.05,236.87,0.57,1.26,7.77,244.65
7.25,237.55,0.78,1.37,8.14,245.7
6.23,237.86,0.74,1.24,7.94,245.81
6.31,236.86,0.69,1.27,8.1,244.97
6.43,238.06,0.55,1.13,7.86,245.93
8.39,237.98,1.22,1.46,7.93,245.92
6.31,237.55,0.87,1.16,7.52,245.08
7.55,237.79,0.62,1.06,7.2,244.99
6.72,237.75,0.66,1.08,7.11,244.86
6.33,237.44,0.57,1.14,7.47,244.92
6.46,237.62,0.57,1.22,7.56,245.18
7.61,237.66,0.48,1.12,7.21,244.87
7.32,237.11,0.66,1.21,7.67,244.79
6.03,236.82,0.42,0.98,6.77,243.6
9.13,237.74,0.55,0.97,6.98,244.73
8.71,238.12,0.45,1.0,6.9,245.03
9.85,238.09,0.63,1.07,7.03,245.13
9.22,237.61,0.39,1.1,7.08,244.69
9.6,236.38,0.43,1.11,7.07,243.46
11.87,236.47,0.7,1.12,6.98,243.45
7.66,237.12,0.58,1.0,6.61,243.74
7.4,237.98,0.81,1.02,6.37,244.35
6.92,237.58,0.49,0.84,5.84,243.42
10.69,236.45,0.38,0.77,5.38,241.83
10.94,234.21,0.45,0.92,6.28,240.5
10.05,233.01,0.54,1.05,6.58,239.59
12.34,232.35,0.44,1.07,6.62,238.97
13.06,229.75,0.45,1.2,7.02,236.77
11.76,225.58,0.39,1.19,6.99,232.58
14.02,226.15,1.14,1.4,7.15,233.31
10.26,225.14,0.57,1.02,6.54,231.69
10.36,222.96,0.82,1.05,6.62,229.59
10.67,222.87,0.47,0.93,6.3,229.18
10.52,222.23,0.66,0.95,6.19,228.43
11.07,220.62,0.48,0.97,6.25,226.87
13.36,219.23,0.59,1.11,6.89,226.13
14.22,215.51,0.58,0.96,6.67,222.18
11.48,213.9,0.41,0.86,5.94,219.85
11.04,209.45,0.84,0.84,5.88,215.34
10.57,215.34,0.69,0.87,5.99,221.34
6.81,219.1,0.47,0.94,5.77,224.88
6.05,219.48,0.48,0.96,6.13,225.61
8.16,220.5,0.77,0.95,6.11,226.61
8.83,221.19,0.31,0.7,5.19,226.39
10.49,221.48,0.36,0.74,5.22,226.71
8.81,220.37,0.4,0.71,5.54,225.92
9.32,219.53,0.41,0.67,5.24,224.77
12.85,218.2,0.4,0.68,5.36,223.56
14.62,216.35,0.43,0.74,5.88,222.23
10.56,215.57,0.32,0.88,6.0,221.58
14.27,214.86,0.46,0.93,6.36,221.23
12.9,213.46,0.54,0.96,6.26,219.73
18.13,210.47,0.5,1.04,6.31,216.79
19.15,207.68,1.07,1.17,5.96,213.64
6.7,208.97,0.34,0.91,6.2,215.17
7.57,208.49,0.62,1.0,6.55,215.05
8.58,207.37,0.53,0.98,6.34,213.71
8.87,206.78,0.52,0.9,5.97,212.76
5.7,205.37,0.48,0.85,5.38,210.76
8.98,204.79,0.49,0.84,5.47,210.26
6.99,205.27,0.44,0.93,5.72,210.99
8.33,204.14,0.45,0.85,5.74,209.88
7.92,203.04,0.39,0.72,5.38,208.42
7.61,203.08,0.27,0.77,5.55,208.64
7.96,131.08,0.15,0.31,3.17,134.25
6.09,131.66,0.14,0.32,3.0,134.67
6.78,130.14,0.12,0.35,3.41,133.55
5.8,128.8,0.12,0.33,3.14,131.94
5.42,130.17,0.18,0.33,3.06,133.23
4.84,129.56,0.15,0.32,3.03,132.59
4.46,129.66,0.15,0.32,2.97,132.64
6.91,128.96,0.16,0.3,2.91,131.88
6.01,126.8,0.17,0.27,2.68,129.48
6.17,132.67,0.15,0.25,2.68,135.36
8.59,135.42,0.17,0.26,2.76,138.19
7.52,135.54,0.22,0.26,2.8,138.34
3.98,136.0,0.16,0.26,2.64,138.65
5.49,136.57,0.18,0.27,2.52,139.09
5.8,137.91,0.1,0.27,2.81,140.73
6.96,138.49,0.14,0.28,2.88,141.37
8.76,138.36,0.28,0.32,3.1,141.46
5.46,139.66,0.15,0.23,2.81,142.47
3.56,141.82,0.16,0.26,2.65,144.47
3.8,142.34,0.17,0.28,2.76,145.1
4.5,143.83,0.12,0.24,2.89,146.72
3.76,143.84,0.08,0.22,2.77,146.62
3.59,145.28,0.09,0.22,2.64,147.92
3.49,145.04,0.17,0.24,2.64,147.69
4.42,145.08,0.12,0.21,2.7,147.78
3.09,144.58,0.08,0.19,2.64,147.23
3.96,144.6,0.14,0.19,2.67,147.27
4.13,145.17,0.15,0.18,2.67,147.84
2.97,145.0,0.11,0.2,2.78,147.79
4.03,145.88,0.11,0.19,2.55,148.43
4.25,145.32,0.11,0.17,2.33,147.65
4.47,144.34,0.11,0.18,2.43,146.78
4.2,143.98,0.12,0.18,2.3,146.29
3.12,146.35,0.08,0.18,2.34,148.69
3.92,146.78,0.14,0.18,2.37,149.16
2.82,147.29,0.07,0.17,2.52,149.81
3.67,147.2,0.08,0.17,2.56,149.77
4.47,147.2,0.08,0.17,2.61,149.82
3.22,146.34,0.07,0.17,2.68,149.03
3.12,146.07,0.09,0.16,2.52,148.6
4.12,146.89,0.08,0.14,2.28,149.18
4.47,148.25,0.08,0.14,2.14,150.39
8.15,147.46,0.12,0.15,2.26,149.73
5.51,147.13,0.08,0.14,2.22,149.35
4.37,147.2,0.05,0.13,2.26,149.46
3.24,147.15,0.05,0.13,2.23,149.39
3.56,148.07,0.04,0.13,2.19,150.26
4.59,148.25,0.06,0.13,2.19,150.44
3.43,147.59,0.05,0.12,2.03,149.62
4.07,148.31,0.05,0.11,1.93,150.24
3.76,148.61,0.05,0.11,1.87,150.48
5.4,147.98,0.06,0.1,1.72,149.71
5.16,148.06,0.06,0.11,1.98,150.04
6.65,146.91,0.05,0.09,1.75,148.67
5.73,147.37,0.03,0.11,1.93,149.3
8.0,145.96,0.06,0.12,1.99,147.95
5.21,144.49,0.06,0.1,1.7,146.19
7.24,144.02,0.06,0.1,1.75,145.78
6.65,143.15,0.05,0.1,1.81,144.97
5.35,141.02,0.05,0.1,1.78,142.81
6.31,140.27,0.04,0.12,2.02,142.29
8.19,139.0,0.06,0.12,2.02,141.02
12.18,138.02,0.07,0.12,2.07,140.1
10.02,136.73,0.07,0.12,1.89,138.62
7.12,133.23,0.06,0.13,2.09,135.32
7.18,131.65,0.06,0.13,2.1,133.76
8.33,129.94,0.09,0.13,2.15,132.09
5.39,130.6,0.05,0.12,1.93,132.53
8.06,129.95,0.08,0.12,1.99,131.95
6.19,129.47,0.07,0.1,1.77,131.25
4.86,129.75,0.06,0.1,1.71,131.47
2.45,129.67,0.04,0.09,1.54,131.21
4.06,130.15,0.05,0.09,1.55,131.7
3.82,130.32,0.05,0.1,1.64,131.97
4.82,129.5,0.05,0.1,1.72,131.22
4.65,129.59,0.05,0.1,1.71,131.31
4.11,129.09,0.04,0.09,1.58,130.68
6.06,129.28,0.05,0.09,1.51,130.79
6.14,128.62,0.06,0.09,1.53,130.16
6.24,128.62,0.07,0.07,1.38,130.01
3.43,127.49,0.03,0.06,1.17,128.67
3.21,127.08,0.02,0.04,1.01,128.09
3.13,129.07,0.03,0.05,1.04,130.11
3.73,130.01,0.03,0.06,1.29,131.31
4.7,130.73,0.03,0.07,1.46,132.19
3.27,130.19,0.03,0.07,1.34,131.53
4.62,131.3,0.05,0.07,1.35,132.65
5.22,131.59,0.02,0.08,1.48,133.08
5.97,131.27,0.04,0.09,1.67,132.94
2.88,130.91,0.03,0.09,1.61,132.53
2.83,130.66,0.03,0.08,1.66,132.33
2.63,130.75,0.03,0.07,1.48,132.24
2.68,131.16,0.02,0.06,1.38,132.54
3.18,132.16,0.02,0.06,1.34,133.51
3.08,131.86,0.02,0.06,1.34,133.2
3.14,131.65,0.02,0.06,1.41,133.07
3.33,132.59,0.01,0.06,1.46,134.06
4.44,132.43,0.03,0.07,1.54,133.97
3.54,131.93,0.02,0.06,1.38,133.31
2.85,48.29,0.0,0.0,0.13,48.43
2.85,47.98,0.0,0.0,0.15,48.14
2.13,47.66,0.0,0.0,0.16,47.83
2.96,47.62,0.0,0.0,0.16,47.78
2.01,48.03,0.0,0.0,0.15,48.19
1.92,47.35,0.0,0.0,0.17,47.53
2.34,46.91,0.0,0.0,0.14,47.06
2.46,47.21,0.0,0.0,0.12,47.33
2.2,47.29,0.0,0.0,0.08,47.38
2.77,47.39,0.0,0.0,0.11,47.5
2.24,46.95,0.0,0.0,0.12,47.08
2.66,46.24,0.0,0.0,0.13,46.37
2.54,46.33,0.0,0.01,0.19,46.53
2.0,45.86,0.0,0.0,0.15,46.01
2.43,45.65,0.0,0.0,0.17,45.82
2.23,45.27,0.0,0.0,0.12,45.39
2.29,45.04,0.0,0.0,0.12,45.17
3.61,44.73,0.0,0.0,0.14,44.88
2.63,44.84,0.0,0.0,0.11,44.96
4.37,44.5,0.0,0.0,0.08,44.59
3.48,43.24,0.0,0.0,0.1,43.34
2.89,43.33,0.0,0.0,0.06,43.4
2.53,42.94,0.0,0.0,0.08,43.03
2.27,42.32,0.0,0.0,0.08,42.41
2.43,41.93,0.0,0.0,0.09,42.03
3.37,42.21,0.0,0.0,0.15,42.36
2.21,41.46,0.0,0.0,0.12,41.58
3.01,41.23,0.0,0.0,0.12,41.36
3.72,41.0,0.0,0.0,0.11,41.12
3.08,40.06,0.0,0.0,0.11,40.17
3.09,40.25,0.0,0.0,0.09,40.35
2.41,40.26,0.0,0.0,0.08,40.35
2.69,39.96,0.0,0.0,0.1,40.06
3.66,39.43,0.0,0.0,0.15,39.59
2.78,38.74,0.0,0.0,0.11,38.85
3.77,38.59,0.0,0.0,0.1,38.69
2.59,37.55,0.0,0.0,0.12,37.67
2.28,36.67,0.0,0.0,0.13,36.8
2.61,36.52,0.0,0.0,0.16,36.69
2.34,36.02,0.0,0.0,0.15,36.17
2.2,35.92,0.0,0.0,0.14,36.06
1.9,35.49,0.0,0.0,0.12,35.61
2.63,35.34,0.0,0.0,0.15,35.49
1.78,34.87,0.0,0.0,0.14,35.02
2.99,34.45,0.0,0.0,0.15,34.6
2.72,34.81,0.0,0.0,0.12,34.94
2.74,34.74,0.0,0.0,0.16,34.91
3.17,34.64,0.0,0.0,0.16,34.8
3.42,33.96,0.0,0.0,0.13,34.09
2.11,33.03,0.0,0.0,0.16,33.19
3.0,33.23,0.0,0.0,0.16,33.39
2.49,32.28,0.0,0.0,0.1,32.39
1.81,32.15,0.0,0.0,0.11,32.26
2.78,32.33,0.0,0.0,0.11,32.44
2.6,31.95,0.0,0.0,0.11,32.07
3.32,32.56,0.0,0.0,0.11,32.67
4.69,31.56,0.0,0.01,0.22,31.78
5.58,32.62,0.0,0.0,0.17,32.8
3.88,30.9,0.0,0.0,0.15,31.06
3.71,30.07,0.0,0.0,0.15,30.23
3.35,29.63,0.0,0.0,0.15,29.79
4.34,28.94,0.0,0.0,0.15,29.1
3.3,28.78,0.0,0.0,0.19,28.97
4.05,27.56,0.0,0.01,0.21,27.78
4.38,27.17,0.0,0.0,0.17,27.35
5.22,28.52,0.0,0.0,0.16,28.69
4.15,26.54,0.0,0.0,0.14,26.68
3.11,25.71,0.0,0.0,0.14,25.86
4.04,24.87,0.0,0.0,0.14,25.01
4.95,24.51,0.0,0.0,0.15,24.66
5.24,24.3,0.0,0.0,0.15,24.45
4.05,22.76,0.0,0.0,0.12,22.89
2.98,22.41,0.0,0.0,0.14,22.55
5.39,22.39,0.0,0.0,0.16,22.55
2.97,20.97,0.0,0.0,0.18,21.16
3.76,20.18,0.0,0.0,0.17,20.35
4.46,20.69,0.0,0.0,0.14,20.84
2.78,19.68,0.0,0.0,0.15,19.84
4.29,20.35,0.0,0.0,0.15,20.5
2.75,19.17,0.0,0.0,0.14,19.32
3.28,18.75,0.0,0.0,0.15,18.9
2.99,18.95,0.0,0.0,0.12,19.07
1.51,18.39,0.0,0.0,0.1,18.49
1.47,18.17,0.0,0.0,0.1,18.28
1.17,18.04,0.0,0.0,0.13,18.17
1.29,17.92,0.0,0.0,0.12,18.04
0.65,17.2,0.0,0.0,0.13,17.33
0.7,17.54,0.0,0.0,0.13,17.67
0.83,17.62,0.0,0.0,0.12,17.74
1.43,17.64,0.0,0.0,0.11,17.75
1.39,17.35,0.0,0.0,0.1,17.45
1.5,17.43,0.0,0.0,0.1,17.54
1.56,17.18,0.0,0.0,0.11,17.29
1.61,16.66,0.0,0.0,0.1,16.77
1.38,16.1,0.0,0.0,0.11,16.22
2.17,15.97,0.0,0.0,0.14,16.12
1.16,14.84,0.0,0.0,0.15,15.0
2.11,15.12,0.0,0.0,0.14,15.26
0.88,14.73,0.0,0.0,0.14,14.87
